ID,pred
2013_1231_1396,1
2001_1228_1242,1
2012_1196_1438,1
2011_1112_1163,0
2003_1153_1211,0
2004_1268_1393,0
2006_1206_1314,1
2012_1266_1293,1
2019_1416_1433,1
2012_1140_1233,1
1988_1120_1328,0
2019_1125_1396,1
2024_1104_1314,1
1988_1242_1435,1
2006_1293_1314,0
1997_1155_1409,1
1985_1409_1431,0
2019_1403_1438,0
2016_1231_1246,1
2001_1211_1232,1
1992_1281_1452,1
2012_1290_1443,0
2000_1181_1249,1
2003_1120_1386,1
2008_1323_1450,0
2017_1291_1309,1
1999_1117_1428,0
1986_1257_1314,1
2010_1222_1268,0
1989_1256_1328,0
1991_1304_1462,0
2006_1261_1400,1
2018_1116_1139,0
1992_1224_1242,0
2012_1314_1436,1
2012_1242_1246,0
2000_1211_1257,1
1993_1246_1448,1
2018_1420_1438,1
1988_1181_1374,1
2003_1323_1454,1
1998_1348_1390,0
2021_1124_1458,1
2012_1166_1314,0
2009_1266_1429,1
2005_1151_1448,0
1985_1261_1298,0
2015_1211_1295,1
1996_1112_1242,0
2005_1307_1437,0
2014_1276_1400,1
2019_1345_1438,0
2014_1437_1454,1
2024_1173_1305,1
2023_1179_1274,0
2005_1334_1449,0
2019_1261_1463,1
1994_1269_1402,1
2016_1323_1458,1
2019_1235_1326,0
1986_1314_1428,1
1988_1258_1314,0
1986_1246_1261,0
1985_1396_1439,1
1989_1292_1438,0
2010_1307_1449,0
2017_1153_1417,0
1988_1177_1455,1
2002_1104_1245,0
2021_1179_1425,0
2021_1332_1425,0
2009_1151_1163,0
2016_1328_1433,1
2007_1424_1458,1
2023_1388_1433,1
2004_1112_1371,0
2023_1181_1331,1
1994_1276_1400,1
2021_1251_1329,0
2000_1235_1277,0
2004_1197_1246,0
2010_1242_1320,0
2010_1449_1452,0
2000_1261_1369,1
1993_1143_1181,1
2010_1124_1330,1
2003_1329_1393,0
1985_1323_1333,1
2019_1277_1278,1
2023_1120_1234,1
2022_1172_1277,0
2000_1319_1385,0
2003_1221_1266,0
2018_1155_1308,1
1987_1234_1424,0
1996_1153_1280,0
2010_1181_1345,1
1997_1112_1242,1
1999_1166_1257,1
2024_1179_1450,0
2004_1386_1448,1
2013_1211_1380,1
1993_1187_1314,0
1992_1207_1378,1
2008_1417_1443,1
2010_1246_1452,0
1996_1208_1393,0
2012_1153_1400,1
2015_1316_1352,0
2010_1320_1424,1
2019_1314_1449,1
2001_1150_1397,1
2004_1251_1386,0
2022_1120_1240,1
2012_1196_1257,0
2017_1173_1455,0
1991_1166_1308,1
2018_1211_1326,1
2022_1274_1425,1
2023_1194_1272,1
1987_1226_1424,0
1996_1242_1393,0
2000_1181_1196,0
1999_1245_1396,0
2022_1314_1417,1
2022_1103_1417,0
2019_1199_1436,1
2017_1116_1371,1
1986_1246_1443,1
1991_1181_1234,1
2006_1163_1246,1
1998_1242_1348,0
1992_1257_1417,0
2007_1196_1332,1
2005_1403_1417,1
2017_1166_1348,0
1986_1286_1385,0
2013_1195_1207,1
1993_1199_1408,1
1986_1210_1261,0
1994_1242_1345,0
2010_1115_1457,1
2014_1257_1387,1
1997_1151_1344,0
1993_1199_1246,0
1990_1222_1364,0
2004_1390_1427,1
2010_1139_1181,0
2021_1261_1382,1
1998_1350_1449,0
2015_1211_1417,1
1995_1387_1448,0
2011_1196_1417,1
2012_1323_1462,0
1997_1345_1348,1
2010_1115_1181,0
1990_1281_1320,0
2013_1279_1458,1
1991_1113_1353,1
1998_1343_1424,1
2009_1328_1393,1
2004_1210_1320,1
2008_1314_1450,1
2013_1143_1393,0
2002_1166_1228,0
1988_1257_1328,0
1999_1120_1329,1
1989_1181_1371,0
1991_1350_1393,1
2018_1155_1242,0
2009_1338_1462,1
1988_1243_1345,1
2000_1111_1326,0
2015_1257_1277,0
2015_1261_1301,0
1991_1181_1242,1
1997_1242_1345,1
1986_1298_1409,1
2000_1196_1277,0
2004_1314_1400,0
1994_1163_1203,1
2010_1242_1250,1
2007_1277_1314,0
2009_1277_1352,1
2009_1372_1393,0
1986_1242_1277,1
2014_1246_1458,1
1994_1158_1448,0
2013_1257_1455,1
2007_1116_1425,0
2012_1125_1207,0
2018_1153_1305,0
1996_1153_1396,1
2023_1338_1462,0
2015_1181_1361,1
2006_1285_1305,1
1991_1166_1371,0
1995_1113_1264,1
2015_1186_1207,0
1986_1210_1437,1
2003_1139_1280,1
1994_1112_1281,1
1992_1153_1174,1
1987_1231_1393,1
1992_1281_1371,0
2008_1257_1314,0
2012_1246_1257,1
2021_1180_1228,0
1993_1234_1419,1
2007_1326_1462,1
2013_1257_1276,1
2006_1228_1449,0
2015_1257_1414,1
2024_1361_1463,1
2003_1104_1231,0
2007_1221_1356,0
2010_1124_1388,1
2009_1278_1400,0
2005_1356_1388,1
2017_1124_1376,0
2009_1417_1433,1
2011_1228_1424,1
1993_1181_1356,1
1988_1112_1328,0
1988_1140_1150,1
1987_1318_1345,0
1991_1277_1428,0
1987_1261_1396,1
2005_1150_1301,0
1992_1308_1417,0
2002_1181_1323,1
2019_1330_1345,0
2008_1110_1397,0
2012_1153_1199,1
2002_1281_1328,0
2018_1328_1348,0
2018_1393_1395,1
1987_1137_1207,0
2016_1344_1425,1
1997_1254_1437,0
2010_1325_1397,0
2016_1112_1455,0
2004_1153_1228,0
2007_1338_1417,0
2017_1153_1243,1
2012_1272_1387,0
2013_1272_1388,1
2012_1231_1246,0
2013_1160_1228,0
2008_1206_1323,0
2013_1231_1393,0
2019_1387_1439,0
1987_1196_1393,0
2017_1257_1276,0
2011_1139_1196,1
2004_1338_1416,1
1992_1235_1246,0
1991_1329_1396,0
2013_1172_1266,0
2017_1211_1462,1
2003_1141_1181,0
2016_1323_1372,1
1997_1246_1285,1
1997_1151_1228,1
2009_1340_1462,0
1997_1181_1344,0
2007_1207_1314,1
2024_1301_1324,1
1999_1277_1291,1
2012_1199_1382,1
2003_1268_1277,0
2003_1160_1277,0
1992_1308_1418,1
2005_1153_1246,0
2004_1210_1329,1
1991_1113_1116,0
2014_1235_1300,1
1987_1314_1393,0
1989_1314_1417,1
2002_1181_1457,1
1986_1103_1276,0
2002_1218_1462,0
2019_1120_1438,0
2006_1335_1400,0
2004_1150_1403,0
1991_1157_1231,0
2010_1140_1243,0
1996_1246_1448,1
2005_1196_1437,0
1989_1231_1371,0
2003_1268_1423,1
2006_1181_1380,1
1997_1246_1428,1
1986_1314_1412,1
2011_1206_1437,1
2015_1112_1462,1
2016_1201_1428,0
1997_1390_1428,0
2017_1439_1458,0
2008_1168_1458,0
2021_1277_1417,0
2005_1310_1328,0
2011_1163_1361,1
2018_1137_1277,0
2022_1394_1411,0
1996_1280_1343,1
2005_1163_1416,1
2022_1276_1397,1
1997_1164_1376,1
2008_1266_1390,0
1985_1104_1433,1
2005_1277_1436,1
2022_1242_1411,1
2019_1328_1438,0
2023_1281_1429,1
2005_1301_1458,0
1997_1279_1396,0
2012_1211_1326,0
2016_1328_1401,1
1998_1307_1393,0
2023_1116_1242,1
1996_1208_1345,1
2015_1242_1455,0
2015_1323_1455,1
1995_1235_1314,0
2006_1261_1417,0
2004_1277_1305,0
1996_1145_1428,0
2024_1314_1447,1
2024_1160_1266,0
2011_1276_1397,1
2021_1116_1159,1
1998_1228_1375,1
1997_1130_1434,1
1994_1163_1351,1
2024_1166_1397,0
2004_1435_1444,1
2015_1172_1234,0
2002_1153_1417,0
2017_1235_1305,1
2022_1235_1274,0
2016_1233_1235,0
2002_1148_1338,0
2007_1246_1437,1
1990_1323_1438,0
2018_1260_1305,1
1997_1112_1246,1
2005_1448_1452,0
2002_1246_1268,0
1990_1116_1314,1
2006_1214_1284,0
1985_1207_1437,0
2000_1261_1458,0
1989_1283_1371,0
2017_1196_1376,0
1993_1242_1314,0
1995_1153_1396,1
2021_1104_1417,0
1995_1246_1314,0
2015_1326_1433,1
2009_1320_1345,0
1988_1293_1301,1
2007_1181_1433,0
2010_1393_1436,1
1991_1301_1379,1
1993_1153_1164,1
2010_1155_1281,0
2000_1277_1393,1
2003_1143_1328,0
2023_1166_1361,0
2009_1329_1397,1
2018_1222_1361,1
2011_1199_1401,1
1995_1150_1390,0
2000_1261_1400,1
2013_1272_1277,0
2017_1211_1314,0
2010_1140_1196,1
1986_1120_1385,1
2006_1400_1452,1
2024_1277_1280,1
2010_1277_1397,1
1991_1242_1338,1
2015_1268_1452,0
2014_1203_1272,0
1987_1380_1396,0
1985_1130_1272,0
2021_1317_1345,1
1993_1231_1460,1
2022_1151_1228,0
2011_1155_1452,0
2011_1139_1338,1
2018_1301_1371,0
2015_1207_1428,0
2005_1428_1431,1
1996_1345_1441,1
1985_1330_1374,0
2024_1104_1158,1
2022_1286_1403,0
2015_1231_1455,0
2004_1163_1181,1
1992_1210_1272,0
2000_1268_1417,0
1986_1133_1257,0
1997_1143_1314,0
2024_1301_1403,1
2004_1257_1462,0
1987_1122_1228,1
2003_1246_1266,0
2011_1243_1429,1
1996_1159_1163,0
2016_1235_1438,0
1994_1251_1314,0
2005_1246_1428,1
2000_1173_1345,0
1995_1246_1408,1
2005_1246_1277,0
2019_1199_1211,0
1995_1228_1409,0
2012_1242_1326,1
1987_1234_1431,1
2009_1345_1449,1
1988_1246_1380,1
1989_1371_1424,1
1992_1246_1269,1
2001_1234_1246,0
2017_1137_1452,0
2011_1287_1350,0
1998_1229_1397,1
2022_1112_1222,0
2011_1125_1458,0
1988_1348_1393,1
1997_1155_1278,0
2013_1257_1299,1
2017_1274_1277,0
2012_1276_1325,0
2021_1104_1268,1
2000_1153_1423,1
1994_1276_1337,1
1997_1257_1307,1
1991_1163_1462,1
2008_1172_1242,0
1986_1180_1257,0
1988_1328_1437,1
2002_1246_1409,1
1991_1116_1242,0
1997_1150_1207,1
2012_1124_1355,1
1987_1120_1360,1
1990_1190_1210,0
1985_1210_1228,1
2011_1103_1323,0
2004_1338_1458,1
2014_1196_1417,1
2018_1181_1242,0
2004_1246_1412,0
1987_1155_1283,0
2018_1345_1403,0
2023_1235_1338,0
1996_1314_1403,0
2022_1209_1211,0
1988_1181_1396,1
2017_1124_1425,1
2009_1113_1393,0
1997_1112_1158,1
2021_1101_1400,1
1995_1281_1417,0
2019_1295_1300,1
1996_1246_1439,1
1993_1157_1276,0
1997_1229_1235,0
1998_1314_1428,0
1986_1193_1228,0
1993_1123_1242,0
2001_1329_1425,0
1985_1235_1326,0
2022_1371_1395,0
1988_1299_1393,0
2021_1166_1364,1
2019_1124_1393,1
2006_1133_1272,0
2002_1228_1361,1
2016_1139_1403,1
1993_1276_1314,0
2017_1235_1345,0
2009_1199_1458,0
2008_1242_1340,1
2007_1140_1462,0
2015_1246_1323,1
1994_1268_1276,0
2016_1114_1235,0
2016_1163_1242,0
2018_1199_1281,1
1993_1116_1314,0
2011_1314_1449,1
2000_1248_1396,0
2003_1112_1323,1
1991_1424_1428,1
2002_1279_1417,0
1996_1143_1235,0
1989_1207_1323,1
2004_1104_1356,1
1985_1361_1424,0
1993_1140_1242,0
1992_1247_1371,0
2006_1284_1437,0
2018_1314_1401,0
1986_1234_1301,0
1999_1281_1307,0
1991_1104_1116,0
1995_1196_1235,0
1997_1130_1386,0
2009_1288_1328,0
2005_1112_1329,1
1999_1181_1277,1
2001_1211_1438,1
1987_1207_1326,1
1986_1268_1424,0
2005_1104_1454,0
2023_1113_1395,0
1985_1272_1437,0
1985_1228_1318,1
2016_1458_1462,1
1994_1196_1241,1
2012_1277_1387,1
1994_1112_1116,0
2013_1166_1181,0
2006_1196_1437,1
1985_1301_1305,1
2018_1305_1400,1
2007_1207_1435,1
2007_1332_1457,1
2019_1257_1278,0
1998_1112_1268,1
2001_1232_1328,1
2003_1163_1390,1
2002_1390_1443,1
2001_1181_1425,1
2011_1246_1326,1
2019_1153_1234,0
1999_1163_1427,1
2017_1116_1314,0
1987_1385_1455,1
1990_1258_1308,1
2018_1344_1401,0
2016_1314_1323,1
2006_1112_1458,1
2008_1272_1280,1
2000_1314_1390,1
2007_1130_1207,0
2021_1281_1328,0
1994_1180_1396,0
2015_1242_1308,1
2017_1112_1462,0
1990_1181_1417,1
1989_1114_1257,0
2012_1301_1361,1
2000_1332_1371,0
2005_1184_1246,0
2008_1450_1457,1
1991_1326_1406,1
1993_1269_1335,1
2002_1143_1338,0
2006_1104_1417,0
2003_1281_1356,1
1985_1207_1210,1
2000_1153_1409,0
1988_1371_1431,1
2017_1423_1438,0
2012_1153_1326,0
2016_1332_1386,1
2019_1276_1403,0
1992_1177_1308,0
1989_1234_1301,0
2016_1234_1396,1
1998_1268_1429,1
2013_1301_1396,0
1986_1261_1272,1
1999_1246_1277,0
2018_1168_1345,0
1989_1228_1257,1
2017_1437_1458,0
2007_1314_1425,1
2009_1163_1277,0
1996_1246_1363,1
2015_1257_1320,1
2012_1259_1326,0
2007_1107_1438,0
2017_1195_1199,0
2012_1235_1246,0
2018_1326_1355,1
1988_1272_1345,0
1992_1257_1448,1
1986_1268_1337,1
1998_1163_1192,1
2021_1234_1332,0
2012_1207_1301,0
1993_1153_1314,0
2008_1246_1266,0
2004_1211_1434,1
2007_1228_1439,0
2008_1129_1257,0
2024_1345_1429,1
1997_1155_1275,1
2023_1369_1394,0
1994_1116_1207,1
2017_1243_1448,1
2007_1356_1439,1
1992_1210_1425,1
1991_1385_1400,1
1997_1266_1344,0
2023_1336_1400,0
2001_1336_1396,0
2001_1242_1393,1
2013_1332_1387,1
2014_1173_1390,1
1988_1228_1437,0
1993_1203_1276,0
2013_1181_1277,1
2015_1211_1234,1
1990_1123_1257,1
2021_1163_1268,0
2015_1129_1173,0
2009_1242_1295,1
1990_1326_1344,1
1989_1231_1431,1
1987_1276_1298,1
1987_1243_1424,0
1987_1112_1431,0
2017_1112_1388,1
2017_1211_1321,1
1990_1114_1424,0
2015_1181_1428,1
2004_1386_1403,1
2003_1264_1393,0
2017_1240_1257,0
1999_1277_1279,1
2003_1246_1458,1
2023_1116_1228,1
2015_1301_1437,1
2012_1249_1436,0
2016_1451_1462,0
2001_1201_1277,0
2024_1124_1155,0
2009_1277_1314,0
2005_1211_1403,0
2017_1196_1458,1
2005_1320_1458,0
2008_1139_1375,1
1986_1235_1275,1
1994_1400_1443,1
2018_1267_1455,1
2013_1103_1433,0
1999_1293_1326,0
2011_1242_1350,1
2019_1251_1439,0
2003_1112_1211,1
2002_1181_1231,0
1985_1276_1437,0
1999_1181_1197,1
2006_1207_1320,1
1996_1155_1208,0
1996_1257_1409,1
2012_1393_1458,1
2006_1301_1400,0
2022_1266_1314,0
1990_1328_1406,1
2018_1112_1138,0
1995_1269_1390,1
2009_1257_1277,0
2013_1228_1274,0
1985_1120_1242,1
1991_1199_1231,0
1989_1301_1376,1
2019_1181_1277,0
1989_1235_1417,0
1999_1166_1268,0
2017_1242_1277,1
2009_1261_1314,0
2007_1272_1305,1
1999_1163_1326,1
2018_1222_1276,0
2001_1206_1268,0
2005_1175_1181,0
1998_1155_1444,0
1986_1156_1298,0
1985_1292_1314,0
2009_1228_1443,0
2018_1242_1437,0
2024_1129_1160,0
1993_1257_1329,1
2018_1243_1246,1
2010_1211_1393,0
2017_1211_1355,1
2010_1268_1277,0
1991_1181_1385,1
2015_1214_1264,1
2013_1153_1166,0
2001_1153_1390,0
2006_1233_1261,0
2014_1173_1196,0
1992_1150_1235,0
1997_1435_1462,0
1995_1311_1438,0
1991_1208_1338,0
1986_1330_1452,1
1998_1174_1345,0
1996_1280_1433,1
1988_1242_1462,1
2010_1199_1211,0
2015_1277_1328,1
2023_1163_1361,1
1988_1112_1371,1
2011_1277_1417,0
2000_1387_1428,0
2010_1165_1458,1
2004_1210_1305,1
1998_1178_1345,0
2008_1280_1332,1
1994_1129_1257,0
1986_1177_1438,1
1994_1409_1417,1
2004_1268_1431,1
2013_1233_1326,0
2009_1127_1181,0
1995_1280_1417,0
1990_1258_1424,0
2005_1228_1314,0
1992_1242_1431,0
1988_1246_1437,0
1990_1116_1343,1
2016_1372_1452,1
2024_1228_1235,1
2006_1231_1361,1
2017_1245_1417,0
1991_1314_1437,1
2019_1113_1385,1
2005_1257_1449,1
1989_1206_1231,0
1999_1112_1328,0
2018_1181_1393,1
1998_1116_1304,1
2000_1120_1235,0
2023_1163_1211,1
2016_1192_1195,0
2014_1112_1361,1
2011_1336_1396,0
2001_1417_1429,1
2012_1257_1307,1
2009_1211_1314,0
2014_1235_1314,1
2021_1124_1222,1
1991_1207_1435,1
1993_1153_1308,1
2008_1208_1462,0
2010_1278_1462,0
2003_1242_1393,0
1993_1129_1435,0
1996_1419_1448,0
1995_1345_1453,1
2021_1333_1397,1
1996_1207_1403,1
2022_1234_1350,0
1997_1131_1409,0
2009_1329_1338,0
2024_1235_1450,1
2024_1222_1401,1
1988_1120_1133,1
2004_1163_1435,1
2008_1181_1452,0
1991_1242_1309,1
1985_1173_1437,0
1995_1277_1451,0
2021_1116_1403,1
1995_1207_1314,0
2018_1113_1393,0
2011_1338_1421,1
2014_1174_1277,0
2017_1199_1462,0
2011_1137_1163,0
1990_1412_1417,0
1987_1242_1283,1
2014_1246_1276,1
1990_1104_1112,1
1990_1208_1400,0
2024_1211_1242,1
1990_1131_1163,0
2005_1314_1324,1
1995_1253_1428,0
2010_1124_1358,1
2023_1336_1401,1
2007_1139_1330,1
1992_1116_1293,1
2018_1166_1243,0
1996_1130_1210,0
2001_1207_1268,0
1988_1177_1243,0
2015_1112_1458,0
2024_1181_1301,0
1992_1199_1231,0
2001_1214_1235,1
1992_1269_1393,1
1997_1160_1231,1
1987_1141_1417,0
2021_1179_1455,1
2013_1241_1254,1
1993_1338_1428,0
1985_1314_1323,1
2004_1140_1393,0
1998_1228_1268,0
2012_1178_1242,0
2013_1276_1433,1
2010_1243_1317,1
2024_1104_1213,1
1999_1283_1458,1
2008_1155_1437,0
2001_1322_1457,1
2014_1243_1246,0
1992_1153_1272,1
2005_1285_1449,0
2022_1231_1461,1
1995_1246_1291,1
1988_1210_1350,0
1995_1116_1417,0
2023_1104_1268,1
2003_1161_1181,0
2023_1211_1417,1
2005_1211_1457,1
2003_1246_1428,1
1993_1314_1348,1
1998_1428_1452,1
2013_1196_1322,1
1995_1280_1365,1
1989_1281_1400,1
2019_1120_1246,1
1987_1328_1409,1
2016_1221_1380,1
2007_1196_1326,1
1989_1344_1438,0
2001_1323_1462,1
2000_1211_1385,1
2022_1124_1314,0
2003_1228_1323,0
2001_1279_1323,1
1998_1199_1434,0
2007_1112_1345,0
1987_1204_1393,0
2007_1257_1401,0
2019_1124_1211,0
1997_1193_1314,0
1987_1196_1345,1
1993_1143_1242,0
2000_1120_1166,1
2002_1231_1268,0
1996_1112_1234,1
2008_1165_1390,0
2004_1163_1436,1
2022_1112_1460,1
2023_1166_1301,1
2000_1196_1314,1
2007_1335_1401,0
1985_1210_1393,1
1997_1234_1246,0
2014_1112_1211,1
1993_1345_1348,0
2014_1196_1338,1
2015_1246_1458,0
2023_1280_1338,0
2007_1253_1397,0
2017_1242_1332,0
1989_1190_1328,0
2014_1163_1277,1
1986_1181_1290,1
2010_1338_1462,0
1988_1323_1374,0
1994_1116_1181,1
2015_1329_1332,0
2023_1266_1277,0
1992_1181_1371,1
1988_1196_1276,0
1988_1192_1345,0
2005_1257_1452,1
2003_1451_1458,0
1986_1281_1412,0
2002_1356_1403,1
1996_1400_1448,0
1992_1116_1272,0
1991_1231_1242,0
1990_1116_1173,1
2015_1181_1277,1
2012_1243_1393,0
1988_1112_1314,1
2012_1325_1378,1
1986_1104_1228,1
2009_1338_1437,0
2004_1181_1371,1
1999_1279_1437,1
2008_1328_1386,1
2024_1160_1196,1
1994_1196_1335,1
2000_1112_1238,1
2017_1181_1376,0
2014_1110_1458,0
2013_1276_1393,1
2008_1242_1272,1
2019_1277_1403,0
2006_1356_1452,0
1985_1314_1437,0
2024_1389_1397,0
1989_1314_1380,1
1990_1247_1379,1
2009_1113_1396,1
1988_1129_1276,0
1994_1307_1438,0
2013_1274_1334,1
1996_1343_1417,1
2001_1112_1139,1
1999_1196_1211,0
1994_1246_1398,1
2014_1372_1417,0
2015_1173_1344,1
2014_1160_1338,0
2009_1130_1425,0
1995_1163_1268,1
2012_1160_1424,1
2010_1361_1397,0
2002_1328_1462,1
2009_1314_1328,1
1994_1231_1396,1
2021_1326_1331,0
1996_1242_1354,1
1991_1296_1385,0
1987_1208_1243,0
2013_1329_1332,0
2000_1328_1457,1
1987_1234_1365,1
1991_1285_1424,0
2002_1130_1400,0
2016_1277_1292,0
1991_1375_1428,0
2002_1163_1301,1
1998_1172_1276,0
2003_1112_1242,0
2023_1266_1436,1
1994_1130_1314,1
1994_1345_1416,1
2017_1246_1417,1
1988_1207_1261,1
1992_1231_1417,1
1996_1153_1422,1
1985_1208_1228,0
1990_1326_1424,0
2013_1195_1196,0
1993_1228_1253,1
1990_1258_1276,1
1992_1272_1337,1
2014_1277_1438,1
2016_1181_1423,1
1993_1385_1403,1
1990_1345_1400,0
1986_1156_1386,1
2014_1242_1390,0
2024_1345_1397,1
2002_1166_1196,1
2024_1212_1345,0
1989_1112_1155,1
2019_1345_1437,1
1987_1104_1344,0
2016_1160_1163,0
2023_1321_1417,0
1988_1181_1348,1
2016_1138_1274,0
1997_1112_1314,1
1991_1343_1437,0
2009_1458_1462,0
2018_1199_1211,1
1995_1268_1400,1
2014_1307_1390,0
1996_1207_1290,1
2001_1277_1396,1
1989_1276_1314,1
2003_1266_1281,1
1995_1104_1335,1
2009_1181_1437,0
1998_1277_1343,1
1987_1231_1424,1
2003_1277_1400,0
1992_1199_1285,1
2001_1210_1386,0
2005_1280_1390,1
1994_1268_1269,1
1989_1276_1375,1
2014_1124_1166,1
2001_1153_1245,1
2002_1231_1428,1
1997_1235_1417,0
2010_1190_1246,0
1998_1116_1428,0
1986_1207_1277,0
1993_1309_1462,0
2008_1401_1417,0
2001_1112_1181,0
1994_1112_1259,1
2003_1228_1443,1
1999_1242_1246,0
1996_1116_1336,1
2000_1211_1345,0
1993_1199_1443,1
2013_1242_1314,1
1990_1112_1378,1
1995_1257_1272,0
2022_1246_1389,0
1996_1112_1434,1
2022_1222_1437,0
2013_1235_1326,0
2003_1266_1338,1
2022_1293_1362,1
2013_1314_1437,1
2002_1274_1281,0
1992_1276_1329,1
2010_1458_1459,1
2004_1329_1338,1
2013_1112_1125,1
2013_1181_1257,0
2014_1301_1387,0
2019_1233_1314,0
1994_1116_1299,1
1999_1359_1385,0
2008_1172_1458,1
1985_1116_1385,0
2010_1165_1396,1
2001_1140_1153,0
2014_1184_1242,0
2016_1151_1231,0
2004_1301_1435,0
2012_1172_1257,0
1998_1203_1329,0
2008_1452_1462,0
1989_1112_1424,0
2000_1163_1429,1
2002_1112_1328,0
2019_1243_1414,0
2022_1235_1458,1
2002_1266_1409,0
2010_1143_1257,1
1999_1196_1451,1
2002_1208_1356,0
1987_1417_1461,0
1985_1260_1374,1
1989_1123_1228,0
2017_1246_1455,1
2001_1386_1390,0
2002_1211_1461,0
1995_1275_1438,0
2023_1400_1462,1
2011_1243_1458,0
2006_1211_1417,0
2013_1235_1323,1
2003_1163_1400,0
1987_1276_1314,0
2022_1293_1389,0
1991_1185_1336,1
1989_1228_1276,0
2007_1139_1196,0
2009_1280_1449,0
1995_1116_1411,1
2003_1328_1393,0
2021_1160_1207,1
2008_1257_1328,1
2021_1222_1333,1
2023_1202_1438,1
2019_1429_1449,0
1992_1144_1181,0
2022_1345_1400,1
1994_1130_1450,1
2021_1140_1417,0
2011_1266_1393,1
2013_1247_1455,0
2017_1139_1292,1
2009_1272_1281,0
2002_1385_1458,0
2019_1159_1397,0
2014_1301_1462,1
2024_1212_1286,1
2021_1156_1222,0
1988_1257_1333,1
1996_1439_1453,1
2003_1181_1242,0
2013_1276_1355,1
1985_1207_1260,1
2022_1116_1308,1
2013_1129_1247,0
1989_1155_1388,1
2015_1235_1412,0
1994_1181_1277,1
1999_1163_1181,1
2011_1155_1412,1
2022_1222_1228,1
1998_1181_1329,1
2009_1326_1373,0
2019_1279_1328,0
1987_1344_1393,0
1999_1116_1234,0
1987_1314_1323,1
2004_1163_1177,1
2022_1129_1272,0
2021_1329_1333,0
1987_1193_1231,0
1999_1275_1449,1
1989_1210_1400,0
2002_1131_1153,0
2008_1172_1207,1
2024_1163_1228,1
1998_1185_1277,0
1986_1419_1424,0
2018_1277_1393,0
1998_1233_1393,0
1991_1307_1329,0
1992_1112_1190,0
2002_1163_1356,1
1990_1140_1155,0
2012_1433_1455,1
2012_1181_1250,0
2011_1196_1364,1
2018_1260_1276,0
2014_1295_1361,0
1988_1350_1396,0
2021_1166_1211,0
1995_1299_1448,0
2012_1231_1433,1
2001_1143_1201,0
2013_1137_1139,0
2008_1242_1437,1
1998_1153_1452,0
2015_1257_1301,1
2014_1163_1386,1
2015_1314_1458,0
2005_1112_1228,0
2006_1211_1462,1
2008_1272_1277,1
1987_1177_1261,0
1993_1203_1307,1
2018_1242_1371,1
2000_1201_1458,0
2019_1211_1403,0
2024_1161_1400,0
1996_1207_1269,0
1994_1207_1228,1
2015_1374_1417,0
1991_1112_1140,1
1999_1181_1283,1
1991_1326_1385,0
2003_1242_1266,1
1993_1153_1438,1
1998_1178_1385,1
1990_1385_1396,1
1999_1268_1385,0
2005_1403_1452,0
2000_1397_1418,1
1998_1199_1395,1
2014_1257_1264,1
1987_1177_1256,1
1996_1339_1437,0
2013_1277_1434,1
1997_1150_1428,0
2004_1153_1190,1
1999_1248_1274,0
1987_1443_1452,1
2001_1169_1242,0
2016_1214_1438,0
1998_1269_1387,0
2012_1211_1452,1
1998_1163_1314,0
2024_1213_1388,1
2022_1120_1274,0
1993_1266_1329,0
2002_1227_1328,0
2003_1143_1301,1
2024_1241_1458,1
2011_1361_1396,1
2002_1231_1423,1
2003_1196_1277,0
2019_1388_1437,0
2019_1120_1308,1
1995_1280_1428,1
2005_1112_1429,1
1987_1281_1462,0
1989_1278_1373,1
2019_1371_1459,0
1994_1112_1438,1
2011_1181_1214,1
1985_1116_1234,1
2013_1211_1455,0
2005_1130_1335,1
1988_1338_1435,0
1994_1308_1329,0
2013_1161_1281,1
2009_1277_1425,1
1993_1116_1385,1
2013_1231_1241,1
1991_1140_1438,1
1997_1246_1278,1
1990_1116_1181,0
1996_1268_1365,0
2011_1140_1211,1
2002_1208_1293,1
2008_1242_1314,1
1988_1246_1268,1
1992_1140_1261,0
2023_1192_1345,1
1994_1151_1242,0
2014_1246_1455,1
1996_1276_1400,0
2010_1246_1448,1
2023_1417_1421,1
2017_1344_1425,0
2010_1143_1181,0
2001_1221_1246,0
1989_1191_1371,0
1999_1120_1457,1
2021_1211_1328,1
2007_1148_1326,0
1997_1151_1208,1
1988_1207_1396,0
2022_1242_1274,1
1987_1140_1309,0
2016_1139_1438,0
1996_1180_1272,1
2006_1211_1231,1
1986_1207_1403,1
1999_1275_1428,1
2006_1163_1449,1
2018_1104_1437,0
2021_1160_1199,0
1989_1181_1278,1
1986_1181_1298,1
2007_1130_1403,1
2013_1217_1307,1
2004_1186_1329,0
2006_1196_1206,1
2018_1242_1335,1
2024_1246_1324,0
2002_1112_1364,1
2004_1196_1264,0
1985_1130_1403,1
1997_1153_1235,0
2024_1235_1355,1
2023_1243_1246,1
2006_1196_1207,1
2011_1246_1314,1
2018_1276_1401,1
1990_1164_1393,0
1986_1112_1120,0
2002_1112_1461,1
1988_1131_1181,0
2022_1161_1276,0
1997_1257_1400,1
2024_1163_1345,1
1999_1191_1242,0
1993_1231_1242,0
2018_1397_1460,1
2007_1210_1424,0
2005_1329_1368,1
2013_1326_1455,0
2015_1320_1461,1
1992_1234_1400,1
2000_1274_1326,1
1985_1233_1260,0
2001_1166_1234,0
1985_1229_1328,0
2015_1116_1314,0
1988_1283_1424,0
1998_1246_1428,1
1995_1272_1345,1
1985_1256_1328,0
1997_1257_1314,0
2010_1139_1431,1
2021_1199_1276,0
2016_1274_1455,1
1998_1449_1462,1
1986_1318_1328,0
1999_1277_1328,1
2021_1291_1411,0
2011_1139_1433,1
1995_1278_1387,0
2008_1272_1400,1
1988_1429_1435,0
2006_1181_1261,0
1985_1120_1314,0
2007_1400_1425,0
2021_1222_1353,1
1986_1210_1265,1
1995_1242_1438,0
2021_1242_1425,0
2002_1281_1326,1
1986_1114_1301,0
1985_1301_1385,0
1994_1281_1458,1
2007_1203_1435,0
1999_1163_1211,1
1992_1181_1276,1
1991_1371_1424,0
2014_1276_1397,1
2015_1209_1462,0
2016_1320_1401,0
1990_1116_1400,1
2002_1143_1335,1
1999_1116_1373,1
1990_1393_1438,1
2016_1114_1345,1
1990_1143_1231,1
2016_1231_1314,0
2014_1314_1344,1
1986_1181_1330,1
1986_1120_1424,1
2024_1120_1463,0
1990_1278_1320,1
2003_1261_1345,0
1986_1235_1276,1
1998_1246_1387,1
1989_1116_1258,1
1988_1116_1437,0
2021_1211_1425,1
2011_1139_1163,0
2024_1395_1429,0
1989_1123_1338,1
2005_1261_1412,0
2008_1373_1435,1
2000_1329_1337,1
1991_1314_1396,1
1999_1283_1397,1
1986_1181_1242,1
2023_1277_1425,1
2003_1329_1335,1
2001_1390_1422,1
2004_1242_1412,1
2018_1181_1348,1
2021_1166_1325,1
2018_1260_1397,1
2017_1276_1329,1
1997_1112_1344,1
2023_1211_1213,1
2011_1254_1314,0
2019_1251_1280,1
2016_1143_1218,0
2010_1400_1448,0
2023_1192_1411,1
2016_1218_1268,0
1989_1228_1393,1
1985_1104_1112,1
2021_1211_1417,1
1992_1329_1408,1
2024_1163_1361,1
2011_1228_1242,0
2002_1268_1458,1
2009_1156_1448,1
2006_1245_1338,0
2015_1140_1279,0
1986_1304_1443,0
1992_1277_1283,1
2019_1261_1277,0
2003_1268_1462,1
2006_1429_1449,0
2018_1293_1452,0
2024_1182_1228,0
1996_1269_1390,1
2015_1125_1438,0
1998_1163_1449,1
2015_1246_1452,1
2001_1336_1344,1
1995_1163_1417,0
1993_1365_1396,0
2023_1166_1343,1
1996_1163_1185,1
2004_1211_1305,0
1998_1181_1347,1
2000_1329_1371,1
2003_1345_1400,0
1992_1314_1326,0
2008_1274_1388,1
1985_1246_1385,0
2012_1393_1421,1
1987_1222_1242,0
2005_1393_1436,0
2005_1137_1242,1
2016_1124_1463,0
2003_1231_1338,0
2015_1412_1417,0
2006_1133_1338,1
2022_1136_1460,0
1992_1163_1304,1
1990_1277_1364,1
1993_1234_1448,0
1986_1242_1299,1
2003_1328_1354,1
1996_1246_1428,1
2023_1163_1388,1
2016_1181_1463,1
1998_1181_1246,0
1999_1153_1396,0
2021_1261_1276,0
2013_1308_1387,0
2009_1143_1268,0
2001_1228_1322,1
2000_1235_1417,1
2000_1359_1393,0
2023_1268_1452,1
2021_1317_1437,0
1994_1130_1231,1
2022_1159_1458,0
1994_1277_1371,1
2016_1338_1458,0
2017_1374_1425,0
2014_1107_1291,1
1996_1296_1403,0
2018_1120_1158,1
2007_1323_1457,0
2000_1228_1335,1
1990_1242_1352,1
2018_1437_1452,1
2010_1345_1401,1
2008_1390_1400,0
2022_1276_1437,0
2011_1181_1276,1
2010_1326_1364,1
1999_1246_1275,1
2011_1211_1385,1
1986_1104_1246,0
1996_1203_1234,0
1999_1108_1390,0
1987_1424_1461,1
1989_1181_1452,1
1995_1116_1272,1
2008_1116_1231,1
2012_1326_1393,1
2002_1423_1425,1
1998_1150_1227,1
2014_1211_1329,1
2016_1167_1328,0
1985_1229_1425,1
2005_1105_1324,0
1994_1246_1266,0
1992_1246_1330,1
1985_1207_1250,1
1994_1266_1418,1
2004_1280_1284,1
1997_1298_1428,0
2015_1248_1437,0
2019_1120_1242,1
2015_1157_1458,0
1987_1323_1395,1
2022_1345_1463,1
2023_1231_1245,1
1995_1276_1443,0
2021_1325_1438,1
2010_1324_1338,0
2011_1106_1427,0
2019_1138_1403,0
1985_1210_1273,1
2021_1437_1457,1
2003_1411_1421,0
2001_1208_1281,0
2023_1194_1361,0
2007_1242_1246,1
2016_1292_1393,0
2021_1124_1211,1
2008_1277_1396,1
1999_1246_1308,1
2000_1277_1434,1
1996_1130_1231,1
1997_1149_1417,0
1987_1120_1231,0
2024_1181_1222,1
2024_1211_1345,0
1994_1203_1412,1
2019_1297_1403,0
1991_1163_1261,1
2013_1195_1361,1
2007_1166_1305,0
2000_1232_1400,0
2017_1190_1196,0
1988_1196_1385,1
2017_1181_1407,1
2022_1326_1437,0
2004_1280_1462,0
1995_1116_1314,1
2004_1130_1210,0
2009_1173_1242,0
1991_1177_1210,0
1985_1299_1328,0
2023_1129_1321,0
1999_1158_1409,0
2002_1245_1338,1
2019_1120_1314,1
2021_1104_1233,1
2006_1397_1457,1
2017_1139_1457,1
1990_1123_1333,1
2010_1266_1449,0
2002_1228_1242,0
1988_1124_1272,0
1998_1163_1231,1
1995_1330_1409,0
2000_1177_1242,0
1999_1196_1335,1
2008_1272_1417,1
1996_1243_1307,0
2001_1396_1400,1
1987_1177_1385,1
2024_1266_1443,1
1986_1172_1246,0
1992_1210_1222,1
2017_1112_1315,1
1985_1246_1424,1
2017_1300_1413,0
1997_1234_1438,1
2001_1130_1381,1
1991_1199_1425,1
2024_1181_1436,1
2015_1217_1314,0
1988_1258_1461,1
2022_1181_1403,1
2009_1190_1338,0
2011_1246_1452,1
2001_1112_1228,1
2016_1181_1332,0
2009_1257_1287,1
1989_1207_1343,1
2018_1276_1285,1
2023_1158_1361,0
2015_1214_1246,0
2004_1104_1390,1
2023_1211_1395,1
2001_1207_1214,1
2011_1131_1242,0
2006_1196_1454,1
2013_1257_1332,1
1985_1242_1325,1
2008_1139_1397,0
2008_1373_1437,0
2002_1277_1301,0
2001_1181_1284,1
2001_1220_1417,0
1989_1261_1431,0
2012_1124_1160,1
1993_1243_1408,0
2005_1203_1210,0
2017_1323_1452,0
2000_1233_1268,0
2006_1181_1203,1
2009_1266_1281,0
1999_1181_1396,1
1988_1234_1424,1
2021_1111_1313,0
2021_1155_1353,0
1997_1246_1386,1
1996_1328_1396,0
1986_1242_1301,1
1998_1390_1444,1
1994_1242_1448,1
2011_1112_1181,1
2004_1210_1242,1
2011_1246_1343,1
1989_1373_1390,1
1995_1198_1417,0
2014_1234_1397,0
2000_1281_1314,0
2010_1165_1246,0
2018_1267_1452,0
1988_1140_1257,0
2013_1139_1266,0
1992_1104_1314,0
2011_1350_1435,1
2022_1314_1389,1
2014_1142_1455,0
1991_1185_1280,1
2017_1266_1376,0
1993_1231_1462,1
2019_1192_1341,1
1989_1397_1452,0
2017_1246_1297,1
1994_1281_1393,1
2003_1196_1358,1
2003_1173_1409,0
2022_1231_1388,0
2009_1268_1272,0
2023_1192_1194,0
2006_1272_1417,0
1991_1163_1181,0
2013_1242_1443,1
1999_1329_1393,1
1993_1151_1448,0
2011_1425_1433,0
1995_1356_1393,0
1993_1276_1417,1
1988_1276_1314,0
2016_1421_1437,0
2017_1242_1413,1
2012_1217_1435,0
2012_1140_1266,0
2013_1338_1455,0
2022_1174_1437,0
1989_1112_1352,1
1996_1207_1307,1
1987_1104_1309,1
1998_1279_1434,0
1997_1139_1153,0
1996_1309_1314,0
1986_1114_1323,1
2014_1112_1458,0
2021_1101_1417,0
1990_1123_1424,0
1992_1200_1269,0
2014_1276_1459,1
2024_1301_1345,0
2008_1245_1424,0
2023_1397_1418,1
2005_1334_1338,1
1987_1234_1328,1
2019_1242_1318,1
1988_1185_1338,0
1988_1250_1396,0
2006_1116_1137,0
2008_1164_1291,0
1993_1231_1257,1
2004_1104_1163,0
2015_1318_1323,0
2024_1332_1376,1
2022_1112_1395,1
2002_1245_1329,1
1998_1246_1390,1
2018_1196_1382,1
1990_1243_1462,0
1992_1419_1425,0
2000_1123_1417,0
2017_1314_1332,1
2002_1242_1390,1
2007_1139_1268,1
1989_1234_1353,1
1985_1267_1433,0
1988_1281_1348,0
1998_1112_1311,1
2023_1231_1274,0
1996_1180_1393,0
2003_1190_1448,0
2007_1272_1401,1
2003_1332_1428,0
2000_1345_1458,0
2002_1163_1214,1
2007_1196_1417,1
2017_1268_1462,0
2017_1278_1292,0
1990_1242_1417,0
2003_1139_1257,1
1993_1191_1199,0
1998_1231_1328,1
1992_1352_1417,0
2011_1326_1427,1
2024_1124_1159,1
1992_1153_1277,1
1996_1122_1210,0
2008_1360_1443,0
2010_1210_1329,1
1987_1438_1461,0
2008_1125_1181,0
2010_1139_1393,1
2001_1106_1277,0
1990_1225_1257,0
2005_1257_1418,1
2022_1242_1437,1
2015_1139_1400,1
1990_1181_1424,0
2009_1257_1373,1
2019_1133_1277,0
2009_1181_1400,1
1988_1181_1242,0
1990_1207_1462,0
2000_1246_1393,0
2023_1124_1364,1
2007_1397_1438,1
2021_1124_1437,1
1988_1242_1328,1
1998_1277_1314,0
1989_1276_1438,1
2010_1401_1429,1
2012_1243_1379,1
2021_1403_1429,1
2023_1222_1297,1
1989_1276_1371,1
2009_1276_1328,0
2005_1314_1437,1
1986_1177_1328,1
2016_1276_1323,0
2012_1143_1378,0
2011_1199_1323,1
1999_1314_1451,0
1997_1143_1343,1
2019_1181_1439,1
1993_1235_1417,0
2007_1231_1417,0
2015_1112_1326,1
2016_1173_1393,0
2006_1130_1437,0
2018_1403_1437,0
1995_1159_1242,0
2019_1181_1416,1
1988_1210_1235,1
2011_1206_1326,0
2016_1195_1314,0
2024_1155_1307,1
1995_1180_1329,0
2007_1257_1390,1
1994_1231_1325,1
2011_1163_1246,1
1995_1242_1443,1
2014_1166_1418,1
1991_1337_1371,0
1985_1380_1385,0
2016_1314_1344,1
1991_1277_1453,1
1999_1120_1326,0
1993_1174_1257,0
2019_1222_1246,0
1988_1314_1317,1
2005_1305_1400,1
1996_1235_1428,0
1998_1246_1354,1
2017_1124_1308,1
2014_1173_1326,1
2022_1181_1314,0
2017_1139_1314,0
2007_1394_1458,0
1990_1314_1328,1
1994_1181_1196,1
2014_1153_1217,0
1987_1344_1412,1
2018_1260_1274,1
1991_1104_1293,1
2006_1328_1454,0
1993_1246_1428,1
1993_1246_1351,1
1999_1163_1307,1
2023_1163_1274,1
2007_1196_1345,1
1991_1112_1371,0
2005_1163_1301,0
1996_1266_1284,1
1989_1276_1462,1
2016_1333_1433,0
2024_1242_1359,1
2019_1209_1222,0
1995_1211_1268,0
2000_1277_1458,1
2004_1173_1177,0
2004_1272_1329,0
2012_1345_1388,1
2024_1104_1163,0
2008_1331_1338,0
1997_1164_1400,0
2023_1116_1163,0
2008_1291_1314,0
1990_1210_1424,0
2002_1268_1373,1
1992_1163_1326,0
1998_1112_1229,1
1991_1112_1384,1
2004_1433_1448,0
2001_1218_1393,0
1985_1177_1393,0
2024_1304_1401,0
2001_1112_1277,1
2013_1143_1424,1
2002_1242_1332,1
2022_1166_1242,0
2008_1122_1400,0
1993_1143_1261,1
2024_1112_1253,1
1988_1228_1427,1
2010_1277_1308,1
2004_1130_1428,1
2010_1350_1388,0
1987_1265_1338,0
2012_1196_1313,1
1992_1191_1431,0
2001_1196_1443,1
1994_1393_1453,1
2023_1202_1361,0
1992_1275_1314,0
2007_1326_1397,1
2021_1199_1422,1
2011_1324_1400,0
1992_1190_1276,0
2018_1196_1403,0
2005_1210_1257,0
1985_1268_1298,1
2003_1120_1393,0
2016_1242_1437,0
2022_1344_1350,1
1998_1276_1417,0
1992_1385_1408,0
2022_1104_1323,0
1992_1276_1396,1
1990_1163_1181,0
2019_1101_1246,0
2002_1285_1332,0
1989_1177_1424,0
1987_1104_1299,1
2024_1228_1287,1
2016_1122_1242,0
1995_1113_1246,0
2000_1116_1274,0
2021_1222_1393,1
1998_1181_1393,1
1990_1210_1278,1
2003_1122_1257,0
1989_1181_1207,1
2008_1257_1397,1
2008_1112_1452,0
2007_1435_1450,1
2015_1138_1452,0
2007_1242_1356,1
1988_1242_1243,1
2001_1112_1183,1
2021_1116_1124,0
1986_1261_1345,1
2007_1196_1238,1
2024_1163_1391,1
2007_1184_1314,0
1992_1343_1393,0
2021_1287_1452,0
1997_1228_1425,1
2001_1181_1268,1
2006_1322_1452,0
2018_1300_1411,0
2001_1150_1228,0
2010_1388_1437,1
1985_1256_1338,1
1996_1280_1393,0
2008_1116_1314,0
1986_1123_1272,0
1992_1183_1231,0
2010_1345_1373,1
1985_1104_1301,0
2008_1274_1400,0
2004_1350_1458,0
2014_1124_1458,0
1985_1130_1181,1
1999_1153_1206,1
2022_1388_1417,0
1994_1281_1298,1
2019_1222_1326,1
2006_1272_1331,1
2002_1332_1400,1
1989_1323_1435,1
2013_1247_1279,1
1995_1151_1163,0
2024_1224_1447,0
2019_1332_1414,1
2012_1163_1235,0
1995_1269_1329,0
2017_1291_1437,0
2002_1172_1326,0
2022_1344_1355,1
1988_1268_1364,1
1994_1278_1356,1
1993_1304_1308,0
2005_1277_1330,1
1996_1269_1416,1
1993_1210_1380,0
2024_1104_1155,1
1987_1210_1261,0
2010_1293_1435,1
2017_1345_1436,1
2021_1393_1452,1
2011_1232_1393,0
2004_1227_1242,0
2012_1378_1396,1
1997_1160_1314,0
1996_1116_1266,1
1991_1207_1424,0
1991_1336_1417,1
1990_1173_1228,1
1994_1112_1257,1
2021_1314_1458,0
2006_1112_1437,0
1985_1256_1326,1
1996_1181_1185,0
1985_1301_1431,1
2024_1181_1241,1
2013_1251_1299,0
2004_1242_1334,1
2008_1124_1345,0
1985_1272_1412,1
2015_1361_1385,1
2010_1326_1397,0
2019_1125_1268,0
2016_1435_1455,0
2007_1272_1326,0
2011_1114_1421,0
1990_1277_1293,1
2014_1112_1451,1
1987_1207_1344,0
2018_1181_1233,1
2000_1354_1390,0
2012_1161_1293,0
2021_1186_1242,0
1990_1400_1462,1
1995_1269_1409,1
1997_1278_1417,1
2008_1207_1420,1
2012_1124_1462,1
1986_1104_1462,1
1995_1116_1393,1
1997_1328_1390,0
2007_1211_1231,0
2008_1417_1462,1
2013_1112_1326,0
2015_1332_1458,0
2011_1266_1314,0
1998_1362_1428,0
2015_1277_1438,1
2023_1104_1394,1
2019_1246_1459,1
2022_1242_1344,1
2005_1166_1452,0
2019_1113_1138,0
2018_1243_1260,0
1986_1156_1231,1
2003_1400_1421,1
1993_1228_1435,0
2014_1107_1196,0
2006_1246_1412,1
2021_1276_1411,1
2000_1314_1397,1
1996_1153_1210,1
2014_1124_1304,1
2001_1314_1336,0
2013_1107_1181,0
1990_1278_1431,1
1999_1150_1328,0
2003_1360_1390,0
2023_1163_1233,1
2013_1285_1393,0
2002_1337_1448,0
2012_1231_1308,1
1991_1181_1419,1
2013_1112_1217,1
2022_1116_1436,1
2009_1139_1261,0
2007_1331_1450,0
1999_1274_1345,0
2019_1199_1293,1
2010_1139_1243,1
1986_1239_1396,0
1998_1298_1314,0
2024_1163_1321,1
2017_1388_1433,1
1990_1143_1163,0
2019_1181_1295,1
1999_1231_1385,0
2021_1116_1331,1
2006_1130_1285,1
1997_1257_1269,1
2021_1276_1417,0
1996_1286_1393,0
1999_1150_1348,1
2016_1328_1437,0
2022_1255_1397,0
2009_1112_1257,0
2001_1268_1390,1
1994_1181_1345,1
1995_1113_1123,1
2004_1301_1418,1
2002_1104_1194,1
1994_1116_1409,1
1992_1276_1326,1
1995_1332_1400,0
1998_1139_1307,0
2001_1181_1417,1
2008_1290_1417,0
1997_1334_1386,0
2016_1314_1437,0
2008_1277_1338,1
2000_1163_1397,0
1999_1345_1396,0
2010_1124_1181,0
2022_1235_1261,1
1988_1112_1234,1
2024_1140_1182,0
2005_1137_1458,0
2006_1172_1326,0
1988_1112_1165,1
2018_1199_1462,1
2008_1140_1401,0
2021_1196_1439,1
2014_1217_1277,0
1991_1301_1329,0
2001_1326_1429,0
2009_1140_1401,0
1992_1181_1234,1
1988_1199_1234,0
1989_1181_1354,1
2015_1116_1459,1
2014_1295_1328,1
2021_1210_1260,0
2023_1159_1400,0
2015_1139_1323,0
1993_1371_1398,1
2024_1161_1438,1
1995_1140_1408,0
1999_1178_1326,0
2006_1107_1163,0
1985_1208_1455,1
2018_1199_1276,0
2001_1314_1343,1
1994_1181_1411,1
2015_1107_1328,0
2002_1231_1328,1
2012_1314_1325,1
2000_1196_1228,1
2010_1139_1277,1
2013_1278_1417,1
2003_1139_1328,0
1993_1276_1396,1
2009_1314_1347,1
2010_1285_1307,0
1985_1181_1337,1
1994_1304_1335,0
1987_1292_1323,0
2007_1338_1433,1
1995_1231_1281,0
2022_1168_1181,0
1986_1298_1393,1
1992_1153_1276,0
1992_1153_1431,1
2012_1254_1277,0
1997_1158_1268,1
2006_1125_1417,0
1997_1278_1402,1
2023_1104_1361,0
1993_1371_1443,0
2004_1106_1181,0
2006_1196_1375,1
2000_1181_1242,1
2007_1338_1460,1
2010_1139_1293,1
1990_1181_1350,1
2002_1231_1245,1
1989_1137_1393,0
1988_1243_1247,1
1990_1181_1385,1
2006_1137_1272,0
1994_1181_1266,1
1986_1350_1386,0
2004_1197_1250,1
2017_1196_1438,1
2006_1133_1242,1
1993_1140_1374,1
1987_1267_1395,0
2013_1266_1393,0
2011_1140_1459,1
1993_1396_1435,1
2000_1314_1409,1
1986_1437_1439,1
2007_1332_1424,1
1985_1246_1449,1
2001_1233_1279,0
2003_1407_1462,0
1992_1104_1390,1
1987_1393_1443,1
2014_1113_1400,0
2011_1207_1433,0
2022_1181_1277,1
1995_1293_1314,0
1997_1388_1448,0
2017_1314_1411,1
2003_1113_1272,1
2000_1196_1329,1
2015_1181_1211,1
2006_1104_1266,1
2018_1411_1462,0
2011_1242_1433,0
2021_1260_1333,0
2003_1113_1242,0
2018_1120_1155,0
2004_1181_1462,1
1987_1207_1242,1
1998_1293_1348,0
2014_1157_1438,0
1994_1163_1196,0
1989_1161_1393,0
2012_1124_1246,0
2021_1228_1260,0
2008_1243_1458,0
2011_1112_1400,1
1997_1400_1458,1
1986_1135_1393,0
2015_1279_1462,0
1993_1264_1438,0
1999_1211_1390,1
2008_1243_1425,1
2005_1196_1325,1
2006_1397_1455,0
1989_1116_1257,0
1985_1272_1335,1
2001_1209_1458,1
1988_1242_1293,1
2024_1112_1173,1
2004_1264_1448,0
2021_1211_1313,1
1986_1133_1431,1
2012_1242_1301,1
2013_1292_1388,0
1998_1348_1434,1
1997_1143_1437,1
2017_1276_1332,0
2024_1277_1314,0
2011_1139_1458,1
2007_1266_1277,0
1987_1181_1231,0
2014_1173_1393,1
2024_1194_1321,0
2016_1268_1355,1
2017_1321_1435,1
2000_1371_1396,1
2000_1231_1337,0
2002_1246_1434,1
2016_1234_1437,0
2004_1329_1386,1
1989_1207_1301,1
2007_1242_1417,0
1997_1112_1375,1
2023_1274_1400,1
2015_1173_1328,0
2007_1308_1400,0
2000_1220_1329,0
2013_1243_1247,0
2010_1281_1452,0
2014_1372_1433,1
2016_1328_1332,1
2014_1246_1257,1
1992_1290_1326,0
2010_1352_1437,0
2012_1196_1266,1
2022_1345_1389,0
1995_1116_1438,1
2023_1194_1397,1
2008_1242_1424,1
2018_1139_1345,0
2016_1274_1437,0
2018_1104_1439,1
1995_1207_1462,1
2009_1112_1156,1
2007_1272_1317,1
2010_1243_1462,1
2018_1243_1420,1
1985_1268_1437,0
2009_1211_1443,1
2018_1254_1347,0
1986_1235_1301,0
1991_1345_1396,0
1990_1229_1276,0
1990_1278_1393,1
2023_1181_1397,0
1996_1257_1437,1
1993_1112_1365,0
1998_1345_1390,0
1990_1207_1411,1
2009_1173_1452,1
2013_1266_1274,1
2003_1409_1458,0
2023_1243_1286,1
2005_1153_1234,1
1993_1269_1438,0
2003_1141_1166,1
2001_1196_1396,0
1990_1104_1258,0
2000_1246_1382,1
1994_1104_1345,0
2005_1314_1458,1
2007_1125_1207,0
2001_1231_1245,0
2012_1104_1166,0
2019_1261_1268,1
2014_1181_1273,0
2006_1163_1206,0
2018_1276_1437,0
1985_1268_1275,1
1994_1104_1344,1
2007_1417_1451,1
2023_1113_1305,1
2017_1323_1343,1
1991_1104_1448,1
1996_1133_1390,0
2014_1163_1437,1
1995_1329_1448,1
2023_1243_1277,1
1987_1314_1335,1
1990_1210_1277,1
1999_1174_1397,0
2014_1140_1332,0
1996_1246_1393,1
2004_1228_1293,1
2005_1112_1412,1
2022_1124_1313,1
1989_1191_1333,1
2007_1242_1310,1
2001_1139_1448,1
2006_1143_1301,0
2015_1181_1458,1
1998_1150_1314,0
2022_1242_1314,1
2003_1112_1436,1
2017_1242_1345,1
1999_1178_1417,1
1986_1277_1449,1
1999_1181_1409,1
2012_1281_1313,0
1992_1231_1261,1
1989_1177_1272,1
2005_1130_1454,0
2005_1228_1257,1
2009_1163_1281,1
1991_1256_1448,0
2002_1281_1417,1
2013_1196_1278,1
1999_1234_1412,1
1991_1116_1209,1
2018_1172_1246,0
1990_1155_1163,0
2001_1116_1207,0
2014_1269_1397,0
2012_1257_1277,1
1993_1203_1380,1
1997_1181_1293,1
2017_1332_1348,1
2023_1246_1344,1
2024_1166_1332,1
2006_1206_1277,1
2017_1211_1452,1
2009_1106_1287,0
1987_1181_1462,1
1987_1328_1338,1
1994_1116_1276,1
2008_1163_1360,0
2011_1266_1462,1
2006_1261_1401,1
2003_1140_1163,0
2014_1273_1397,0
1997_1417_1462,1
1985_1277_1412,0
2014_1163_1246,1
1989_1225_1424,0
1992_1181_1246,1
1987_1231_1261,1
2012_1246_1443,1
1991_1185_1314,0
2022_1211_1272,1
2010_1288_1452,0
2017_1246_1314,0
1995_1207_1451,1
2002_1163_1268,0
2015_1268_1434,1
2022_1116_1211,1
2008_1179_1443,0
2006_1371_1455,0
2009_1165_1281,0
1985_1120_1345,1
1989_1328_1438,0
2018_1138_1246,0
1993_1281_1396,0
1991_1210_1326,0
1986_1177_1181,0
2006_1130_1334,1
1990_1345_1419,1
1991_1350_1396,0
1990_1104_1161,1
2014_1163_1235,1
1991_1314_1318,1
2004_1412_1449,1
2006_1203_1423,1
2009_1169_1272,0
2001_1181_1281,1
2021_1361_1393,0
2012_1242_1314,1
2024_1361_1412,1
2016_1320_1400,1
2023_1281_1343,0
2015_1208_1277,0
2016_1276_1409,1
2001_1209_1268,0
2019_1205_1438,0
2005_1277_1314,0
2009_1163_1401,1
2004_1343_1400,0
1994_1329_1409,0
1994_1218_1393,0
2022_1400_1439,1
2003_1393_1400,1
2006_1234_1322,0
2011_1345_1389,1
1994_1257_1278,1
1998_1396_1452,0
2013_1161_1257,0
2002_1280_1400,0
2015_1153_1345,1
2010_1323_1330,0
2013_1328_1361,0
2012_1285_1458,0
2010_1277_1320,1
1992_1328_1418,0
2008_1345_1462,0
2023_1244_1462,0
1998_1112_1428,0
2005_1328_1428,0
1999_1345_1400,1
1989_1166_1281,0
1986_1242_1396,1
2012_1253_1307,0
2011_1139_1330,1
1998_1274_1417,0
1995_1269_1389,1
2016_1211_1393,0
1986_1181_1257,0
2002_1150_1323,0
2005_1192_1228,0
2002_1221_1242,0
2011_1294_1361,0
2004_1334_1344,1
2024_1103_1166,0
1998_1242_1341,1
1995_1329_1417,0
2022_1222_1412,1
2015_1372_1428,0
2012_1250_1462,0
1997_1238_1242,0
2006_1206_1455,1
1994_1143_1453,0
2023_1120_1222,0
2004_1104_1393,1
2022_1260_1326,0
1989_1281_1393,0
2016_1211_1371,1
2018_1153_1209,1
1998_1153_1319,1
2022_1163_1308,0
2008_1272_1426,1
2023_1222_1274,0
2011_1208_1449,0
2006_1207_1326,1
2016_1393_1438,1
2021_1196_1331,0
1991_1181_1424,1
2001_1211_1277,0
2018_1211_1422,1
2013_1242_1276,0
1997_1390_1448,1
1999_1268_1434,1
2023_1194_1243,1
2003_1338_1447,1
1989_1161_1196,1
2014_1163_1196,1
1985_1272_1328,1
2015_1112_1411,1
2022_1323_1403,0
1987_1122_1344,0
2000_1277_1428,1
2019_1234_1397,0
2003_1242_1429,1
1995_1153_1163,0
1991_1190_1234,0
2012_1435_1458,0
1991_1389_1400,0
2011_1153_1281,1
2009_1110_1437,0
1987_1246_1326,0
1999_1203_1231,0
2022_1166_1361,1
1996_1257_1448,0
2016_1242_1268,1
2019_1332_1458,1
2005_1228_1454,1
1990_1210_1261,1
1991_1242_1314,1
1995_1264_1328,1
2004_1272_1376,1
1994_1130_1196,0
2000_1409_1424,1
1989_1243_1278,0
2000_1148_1235,0
1992_1181_1231,1
2016_1211_1428,1
2009_1103_1211,0
2018_1372_1403,0
2011_1345_1433,0
2015_1153_1246,0
2001_1130_1425,0
2019_1276_1285,1
2014_1308_1361,0
1999_1211_1278,1
1999_1163_1234,1
2004_1163_1210,1
2012_1242_1345,1
2024_1112_1155,0
1990_1283_1314,0
2011_1112_1272,1
1986_1120_1257,0
2017_1233_1332,0
2024_1397_1400,1
2019_1196_1276,0
1995_1104_1329,0
2024_1266_1301,0
1989_1228_1270,1
2000_1328_1345,0
2007_1197_1310,0
1985_1207_1396,1
1988_1151_1328,0
1996_1163_1280,0
1993_1272_1443,0
2003_1237_1246,0
1990_1261_1437,1
2011_1199_1433,0
1995_1330_1437,1
1985_1192_1276,0
1997_1307_1330,1
1989_1104_1375,0
2009_1163_1345,1
2007_1275_1332,0
2000_1274_1409,0
2023_1124_1166,0
1998_1350_1376,1
1989_1199_1292,0
2006_1102_1228,0
2015_1124_1209,0
2005_1181_1280,1
1992_1199_1207,1
2019_1192_1211,0
2022_1116_1181,0
2010_1210_1326,0
2013_1196_1276,0
2016_1401_1453,1
2009_1155_1276,0
2018_1347_1437,0
2007_1172_1268,0
2004_1181_1228,1
1987_1196_1301,1
2011_1153_1163,0
2014_1332_1458,0
1995_1112_1275,0
2001_1246_1425,0
2014_1142_1411,1
2002_1270_1280,0
2014_1272_1438,0
2022_1323_1353,1
2005_1181_1277,0
2009_1242_1277,0
1999_1326_1385,1
1985_1207_1385,1
1993_1246_1276,0
2019_1266_1293,0
2010_1207_1325,0
2005_1235_1314,0
2015_1181_1352,1
1989_1247_1256,0
1996_1242_1365,1
2001_1112_1279,1
2005_1235_1278,1
1988_1231_1350,0
2023_1224_1242,0
2010_1181_1452,1
2017_1211_1376,1
2014_1409_1417,0
2011_1257_1287,0
2004_1400_1462,0
2002_1332_1448,1
2021_1213_1234,0
2016_1246_1392,1
1994_1153_1458,0
1987_1181_1401,1
2006_1196_1417,1
2014_1393_1444,1
2008_1172_1211,1
2009_1112_1428,1
2002_1242_1268,0
2018_1252_1314,0
1998_1246_1417,1
2009_1417_1437,0
2018_1382_1417,1
2016_1153_1386,0
2016_1221_1332,0
1993_1116_1221,1
2003_1120_1448,1
2019_1196_1305,1
1997_1278_1396,1
2009_1314_1437,1
1998_1158_1390,0
2004_1102_1314,0
2016_1314_1393,1
1986_1257_1261,1
1992_1204_1329,0
2019_1332_1438,0
2024_1222_1255,1
2023_1112_1343,0
1990_1155_1247,1
2019_1345_1397,1
2002_1108_1373,0
2006_1393_1401,0
2000_1139_1196,0
2024_1211_1270,1
1996_1116_1269,0
2011_1140_1196,0
1996_1246_1269,1
1994_1268_1387,1
2005_1329_1356,1
2021_1124_1216,1
2005_1228_1305,1
2007_1207_1326,0
2000_1112_1458,0
1999_3163_3235,0
2015_3195_3329,1
1999_3155_3208,0
2009_3113_3401,1
2017_3274_3346,0
2006_3328_3390,0
2005_3292_3301,1
2006_3196_3307,0
2000_3353_3386,1
2005_3268_3453,1
2008_3156_3390,0
2016_3283_3401,0
2007_3265_3397,0
2012_3235_3453,0
2003_3397_3437,1
2007_3125_3208,0
2002_3163_3336,1
2007_3452_3462,1
2003_3307_3403,0
2004_3124_3196,1
2014_3119_3268,0
2014_3377_3390,0
2021_3195_3276,0
2015_3274_3449,1
2009_3364_3390,0
2012_3195_3382,0
2014_3385_3425,1
2000_3163_3397,1
2022_3257_3397,1
2016_3246_3328,1
2022_3243_3301,0
2003_3345_3434,1
2008_3113_3396,1
2024_3231_3376,0
2007_3132_3435,1
2015_3251_3314,0
2016_3246_3421,1
2003_3384_3437,0
2018_3332_3370,1
2003_3228_3438,0
2019_3243_3276,0
2017_3179_3243,0
2022_3211_3257,0
2021_3257_3390,0
2003_3116_3153,1
2002_3208_3330,0
2003_3131_3163,0
2004_3266_3330,1
2013_3257_3292,1
2003_3203_3437,0
2019_3143_3314,1
2023_3241_3326,0
2007_3331_3345,0
2023_3397_3405,1
2007_3199_3390,1
2023_3357_3390,0
2003_3336_3397,0
2002_3234_3438,1
1999_3163_3384,1
2000_3144_3181,0
2019_3138_3353,1
2001_3161_3268,1
2013_3401_3455,1
2023_3328_3417,0
2009_3278_3401,0
2001_3345_3403,1
2017_3253_3333,0
2019_3332_3355,1
2009_3177_3361,0
2012_3265_3382,0
2016_3362_3390,0
2023_3323_3381,1
2003_3210_3439,0
2001_3199_3235,0
2003_3326_3451,1
2003_3364_3403,0
2007_3226_3390,0
2013_3242_3323,0
2014_3113_3435,1
2014_3214_3277,0
2002_3166_3198,0
2004_3261_3400,1
2012_3397_3404,1
2015_3211_3397,0
2002_3330_3345,1
2011_3246_3314,0
2006_3314_3345,1
2011_3391_3397,0
2002_3160_3261,1
2013_3143_3378,1
2010_3181_3361,1
2010_3173_3397,0
2001_3113_3261,0
2015_3333_3355,1
2016_3203_3243,0
2015_3328_3390,0
2007_3132_3329,1
1998_3372_3443,0
2024_3211_3400,0
2010_3208_3408,1
2023_3163_3436,1
2010_3301_3417,0
1999_3336_3438,1
2019_3234_3301,1
2017_3199_3376,0
2018_3177_3401,0
2022_3286_3390,0
2023_3274_3437,1
2008_3285_3435,0
2012_3177_3397,0
2014_3163_3390,1
2022_3166_3234,1
2014_3140_3304,1
1999_3161_3283,1
2005_3331_3400,0
2013_3331_3397,0
2015_3199_3376,0
2023_3234_3376,1
2005_3199_3350,1
2001_3155_3462,0
2014_3323_3352,1
2013_3234_3323,0
2016_3233_3268,0
2000_3353_3397,0
2001_3208_3281,0
2019_3140_3390,0
2006_3130_3326,1
2022_3163_3390,1
2019_3124_3376,1
2009_3163_3390,1
2018_3113_3400,0
2018_3138_3378,1
2011_3207_3268,1
1998_3330_3384,1
2019_3126_3323,0
2001_3208_3251,1
1999_3181_3386,1
2011_3277_3320,1
2015_3143_3400,0
2014_3234_3257,0
2002_3231_3395,0
2005_3330_3438,0
2015_3203_3211,0
2004_3181_3322,1
2024_3261_3292,1
1998_3181_3257,1
2002_3153_3389,1
2011_3390_3401,0
2009_3210_3234,1
2013_3386_3435,0
2010_3163_3380,1
2005_3124_3332,1
2018_3333_3397,1
2003_3353_3443,1
2013_3242_3376,1
2014_3124_3323,0
2016_3208_3231,0
2013_3174_3246,0
2008_3323_3328,1
2017_3246_3326,0
2008_3390_3397,0
2021_3333_3376,0
2005_3112_3261,0
2024_3267_3439,0
2008_3330_3438,1
2001_3257_3462,0
2015_3163_3400,1
2021_3400_3417,1
2012_3246_3453,1
2004_3243_3434,1
2012_3211_3274,1
2004_3278_3417,1
2005_3177_3251,0
2002_3163_3234,1
2018_3189_3301,0
2019_3346_3355,0
2022_3301_3323,1
2017_3323_3326,1
2009_3211_3462,1
2023_3160_3234,0
1999_3389_3439,0
2014_3181_3457,1
2002_3181_3395,1
2010_3124_3181,1
2022_3274_3378,1
2006_3181_3380,1
2011_3323_3397,1
2011_3163_3323,0
2021_3266_3439,0
1999_3171_3353,0
2011_3266_3400,1
2002_3364_3400,0
2017_3401_3417,0
2002_3140_3196,1
2004_3281_3390,0
2012_3323_3382,1
2017_3268_3332,0
1998_3228_3453,1
2013_3234_3274,1
2013_3391_3417,0
2002_3151_3336,0
2021_3231_3433,1
2008_3113_3181,0
2004_3214_3336,0
2018_3257_3266,1
2021_3163_3234,1
2006_3257_3435,0
2024_3301_3390,1
2021_3235_3277,1
1999_3256_3336,1
2001_3199_3408,1
2002_3307_3323,0
2009_3120_3250,1
2024_3234_3452,1
2014_3124_3246,1
2005_3130_3222,1
2013_3257_3397,1
2011_3353_3401,0
2016_3151_3280,0
2001_3328_3390,1
2003_3122_3314,0
2002_3181_3376,1
2021_3321_3416,1
2004_3159_3397,0
2002_3163_3330,1
2019_3235_3308,1
2018_3177_3328,1
2009_3361_3390,0
1998_3181_3196,1
2002_3328_3437,1
2012_3181_3390,0
1998_3155_3256,0
2024_3263_3326,0
2000_3120_3283,1
2010_3304_3320,1
2023_3376_3417,1
2010_3207_3265,1
2009_3199_3299,1
2009_3257_3268,1
2015_3261_3378,0
2000_3208_3353,0
2016_3107_3393,0
2019_3257_3333,1
2001_3281_3458,1
2015_3163_3383,1
2006_3177_3251,1
2019_3323_3401,1
2019_3163_3417,1
2002_3124_3137,1
2006_3268_3357,1
2013_3181_3304,1
2007_3181_3221,1
2004_3395_3396,1
2007_3140_3257,0
2007_3208_3345,0
2024_3160_3234,0
2001_3161_3163,0
2000_3314_3349,1
2017_3181_3332,0
2017_3390_3400,1
2016_3146_3257,0
2009_3280_3400,1
2011_3114_3453,0
2003_3280_3307,0
2024_3394_3425,0
1998_3345_3449,1
2011_3222_3452,0
2013_3304_3401,1
2008_3323_3397,0
1999_3417_3453,1
2001_3234_3332,1
2011_3163_3207,1
2000_3256_3330,1
2023_3156_3437,0
1998_3251_3397,0
2019_3280_3380,1
2013_3208_3235,1
2011_3177_3181,0
2001_3203_3390,0
2010_3280_3326,1
2006_3113_3372,1
2005_3113_3184,1
2000_3163_3328,1
2004_3130_3326,1
2006_3181_3277,1
1999_3353_3403,1
2017_3107_3163,0
2008_3268_3304,1
2019_3211_3333,0
2021_3210_3372,1
2017_3326_3443,1
2022_3160_3166,0
2003_3181_3209,1
2013_3174_3452,1
2022_3231_3343,1
2010_3323_3436,1
2024_3245_3323,0
1999_3181_3330,1
2008_3257_3275,1
2017_3243_3390,0
2014_3335_3400,0
1998_3163_3193,1
2021_3140_3353,1
2001_3336_3395,0
2008_3151_3243,0
2001_3256_3395,1
2009_3191_3401,0
2010_3328_3355,1
2001_3403_3439,1
2023_3376_3378,1
2023_3314_3385,1
2003_3277_3395,0
2011_3323_3428,1
2001_3160_3373,1
1999_3161_3169,1
2019_3129_3333,0
2009_3122_3181,0
2010_3246_3251,1
2000_3163_3261,1
2003_3274_3307,0
1999_3112_3196,1
2013_3163_3225,1
2023_3160_3292,1
2011_3201_3314,0
2018_3329_3393,1
2015_3106_3199,0
2018_3124_3276,1
1999_3104_3212,1
2011_3124_3341,1
1998_3332_3353,0
2018_3110_3417,0
2008_3163_3165,1
2004_3390_3435,1
2000_3280_3389,1
2018_3114_3199,0
2000_3256_3435,1
2006_3140_3234,1
2005_3124_3277,1
2002_3400_3453,1
2017_3189_3452,0
2003_3160_3314,1
2007_3113_3132,1
2007_3261_3421,1
2014_3177_3181,1
1998_3283_3323,0
2009_3113_3208,1
2024_3124_3425,0
2019_3177_3283,0
2000_3155_3179,1
2004_3292_3323,0
2001_3276_3438,1
2017_3281_3378,1
2005_3124_3278,1
2010_3199_3256,1
2001_3261_3345,0
1998_3314_3397,0
2002_3243_3245,1
2002_3372_3403,0
2006_3181_3268,0
2011_3323_3328,1
2024_3211_3428,1
2024_3166_3424,1
2007_3203_3314,0
2006_3177_3261,0
2001_3330_3449,0
2000_3372_3462,1
1999_3256_3261,1
2008_3307_3452,0
2018_3280_3301,1
2017_3266_3346,0
2017_3345_3453,1
2005_3261_3391,1
2021_3124_3439,1
2005_3181_3261,0
1999_3155_3197,1
2007_3353_3397,0
2019_3266_3401,0
2005_3108_3277,0
2010_3235_3250,1
2015_3400_3443,1
2016_3243_3376,0
2012_3185_3376,0
2014_3210_3261,0
2007_3187_3353,0
1998_3276_3417,0
2009_3243_3435,0
2014_3169_3376,0
2004_3120_3163,0
2014_3323_3329,1
2016_3107_3196,1
1998_3217_3390,1
2001_3283_3353,1
2023_3387_3397,0
2002_3337_3437,0
2019_3120_3140,0
2016_3163_3352,1
2013_3160_3242,0
2005_3277_3435,1
2006_3119_3397,0
2003_3163_3395,1
2015_3124_3323,0
2019_3234_3281,1
2015_3113_3114,1
2024_3181_3326,1
2015_3163_3173,1
2015_3195_3199,0
2011_3163_3345,1
1998_3203_3208,1
2004_3112_3277,0
2012_3107_3401,0
2016_3246_3449,0
2008_3163_3353,1
2018_3181_3208,1
2024_3314_3376,0
2024_3231_3328,1
2022_3208_3235,0
2005_3365_3390,0
2023_3195_3450,1
2017_3163_3393,1
2003_3130_3330,1
2009_3353_3433,1
2017_3211_3328,0
2010_3163_3199,1
2006_3246_3277,0
2024_3235_3390,0
2022_3166_3235,1
2024_3162_3435,0
1998_3163_3301,0
1999_3314_3345,0
2022_3112_3314,0
2000_3399_3403,0
2013_3166_3397,0
2011_3199_3208,0
2010_3122_3397,0
2021_3417_3461,1
1999_3323_3388,1
2017_3113_3376,0
2024_3261_3349,1
2016_3231_3323,0
2010_3323_3328,0
2019_3124_3143,1
2017_3376_3390,1
2023_3199_3208,0
2003_3243_3323,0
2002_3209_3397,0
2023_3276_3424,1
2007_3328_3369,1
2018_3280_3329,1
2016_3335_3449,0
2008_3177_3265,0
2019_3231_3332,0
2016_3333_3382,1
2016_3120_3385,1
2016_3281_3400,0
2014_3385_3397,0
2009_3143_3163,0
2004_3243_3278,0
2018_3333_3443,1
1999_3283_3364,1
2009_3280_3326,0
2022_3195_3439,1
2024_3221_3234,0
2013_3355_3376,0
2013_3174_3314,1
2000_3181_3261,0
2009_3190_3235,0
2012_3400_3452,0
2022_3199_3283,0
2006_3163_3439,1
2001_3388_3400,1
2006_3203_3397,0
2023_3234_3368,1
2023_3313_3376,0
2016_3177_3333,0
2008_3210_3235,0
2004_3292_3314,1
2021_3210_3376,0
2006_3314_3397,1
2007_3113_3257,1
1999_3235_3332,1
1999_3263_3330,0
2014_3107_3452,0
2022_3193_3400,0
2009_3113_3163,0
2011_3181_3404,1
2013_3268_3346,1
2010_3151_3329,0
2022_3110_3276,0
2004_3345_3437,1
2005_3285_3435,0
2011_3210_3326,0
2007_3124_3301,0
2006_3208_3216,1
2008_3216_3393,1
2024_3277_3314,0
1998_3104_3256,0
2006_3353_3395,1
1999_3104_3314,0
2002_3113_3435,0
2006_3163_3164,1
2002_3160_3328,0
2004_3323_3336,0
2015_3257_3378,1
2007_3211_3292,0
2022_3163_3376,0
2007_3279_3328,1
2014_3196_3336,0
2004_3163_3397,1
2023_3208_3234,0
2007_3163_3453,1
2004_3160_3364,0
2000_3261_3372,1
2016_3177_3257,1
2023_3124_3163,0
2002_3179_3393,1
1998_3304_3330,0
2004_3256_3285,1
2011_3207_3343,1
2012_3140_3177,0
2016_3393_3449,1
2019_3137_3199,0
1999_3161_3417,0
2004_3181_3266,1
2009_3210_3328,0
2007_3235_3449,1
2015_3280_3408,1
2014_3225_3257,0
2012_3345_3355,1
2008_3257_3314,0
2008_3331_3397,0
2014_3140_3301,1
2014_3208_3386,0
2012_3276_3328,0
2024_3112_3393,0
2019_3277_3323,0
2013_3378_3403,1
2011_3277_3453,0
2017_3323_3390,0
1998_3323_3345,0
2011_3177_3298,1
2006_3163_3181,0
2024_3301_3376,0
2024_3166_3417,0
2002_3160_3390,1
2023_3234_3261,0
2022_3283_3326,0
2021_3112_3163,1
2017_3124_3143,1
2002_3122_3345,0
2014_3151_3393,0
2024_3242_3276,1
1999_3345_3353,1
2004_3208_3261,0
2002_3278_3314,0
2010_3246_3277,1
2017_3163_3332,1
2007_3266_3328,0
2021_3125_3231,0
2018_3124_3333,0
2007_3217_3268,0
2011_3241_3328,0
2021_3231_3301,1
2010_3234_3390,0
2010_3163_3235,1
2022_3125_3332,1
2019_3113_3416,1
2014_3177_3401,0
2017_3163_3417,1
2007_3304_3396,0
2007_3113_3353,0
2004_3222_3453,1
2023_3328_3339,1
2013_3143_3208,1
2002_3124_3179,0
2019_3283_3390,0
2024_3313_3390,0
2004_3130_3185,1
2012_3211_3246,0
2016_3277_3280,0
2002_3397_3435,1
2019_3235_3283,0
2019_3323_3390,1
2018_3257_3280,0
2001_3301_3437,1
2018_3195_3390,0
2012_3268_3323,0
2007_3181_3353,0
1998_3116_3397,0
2006_3328_3337,1
2016_3323_3390,0
2018_3163_3384,1
2008_3431_3443,1
2003_3336_3376,1
2004_3122_3261,0
2003_3163_3345,1
2011_3385_3390,0
2015_3241_3326,0
2011_3211_3234,1
2015_3113_3199,0
2013_3251_3345,0
2005_3181_3208,1
2010_3435_3462,0
2017_3113_3277,1
2014_3163_3401,1
2016_3326_3397,0
2011_3323_3401,0
2005_3390_3428,1
2010_3249_3452,0
2005_3203_3314,0
2024_3112_3120,1
2010_3340_3401,0
2014_3292_3333,0
2004_3208_3395,1
1998_3242_3408,1
2012_3251_3323,0
2016_3393_3397,1
2018_3163_3346,1
2012_3257_3268,0
2023_3314_3326,0
2011_3124_3453,1
2022_3255_3291,1
2019_3246_3343,1
2014_3177_3328,1
2006_3268_3314,1
2000_3203_3417,1
2016_3274_3355,0
2015_3268_3343,1
2004_3328_3390,0
2007_3314_3323,1
2022_3246_3343,0
2017_3308_3390,0
2012_3163_3323,0
2018_3113_3304,1
2016_3199_3292,1
2014_3173_3196,0
2004_3261_3397,0
2021_3104_3314,1
2007_3163_3301,1
2003_3278_3408,1
2011_3132_3210,0
2010_3390_3462,1
1998_3301_3330,1
2013_3142_3336,0
2019_3263_3301,0
2010_3246_3328,0
2006_3143_3385,0
1998_3163_3203,1
2019_3332_3340,1
2015_3173_3246,1
1998_3256_3397,0
2008_3124_3338,0
2006_3124_3268,0
2016_3355_3390,0
1998_3116_3242,1
2022_3210_3242,0
2011_3235_3265,0
2018_3280_3323,0
2005_3251_3336,1
2011_3323_3396,1
2003_3208_3353,1
1999_3120_3400,1
2023_3274_3329,1
2001_3108_3323,0
1998_3104_3422,1
2014_3268_3400,1
2014_3211_3241,0
2002_3161_3408,0
2014_3322_3397,0
2023_3345_3385,0
2005_3132_3243,0
2006_3216_3396,1
2019_3231_3400,1
2005_3163_3171,1
2009_3120_3353,0
2000_3112_3245,1
2023_3231_3274,0
2019_3199_3376,0
2013_3268_3277,1
2008_3338_3461,1
2019_3268_3417,0
2005_3163_3390,0
2021_3292_3397,0
2004_3279_3437,0
2023_3257_3279,1
2014_3257_3261,1
2010_3328_3390,0
2001_3388_3397,0
2024_3181_3350,1
2009_3143_3438,1
2019_3155_3280,0
2024_3279_3323,0
2009_3180_3243,0
2012_3226_3274,0
2022_3269_3323,0
2005_3278_3438,1
2013_3163_3246,1
2006_3314_3435,1
2011_3257_3435,1
2006_3277_3454,1
2017_3280_3407,1
2007_3314_3397,0
1998_3235_3353,0
2021_3124_3276,1
2012_3210_3357,1
2019_3390_3413,1
2009_3328_3341,1
2011_3208_3292,1
2001_3151_3155,0
2024_3163_3181,1
2008_3235_3353,0
2005_3277_3397,1
2021_3125_3211,1
2016_3163_3182,1
2000_3163_3336,1
2004_3252_3435,0
2022_3173_3177,1
2021_3112_3140,1
2006_3281_3439,0
2008_3137_3314,0
2006_3199_3256,1
2000_3181_3443,1
2002_3163_3397,1
2009_3124_3427,1
2008_3345_3397,0
2018_3169_3323,0
2002_3324_3435,0
2014_3246_3393,1
2013_3181_3323,0
2004_3130_3278,0
2013_3124_3199,1
2024_3417_3465,1
2006_3314_3415,1
2001_3209_3256,0
2013_3181_3329,1
2010_3438_3453,0
2000_3328_3345,1
2024_3163_3238,1
1998_3397_3443,1
2017_3346_3376,0
2017_3376_3421,1
2024_3160_3243,1
2015_3124_3322,1
1998_3272_3464,0
2012_3242_3397,0
2001_3116_3124,1
2017_3199_3281,1
2007_3265_3326,1
1998_3161_3345,0
2016_3113_3397,0
2011_3205_3274,0
1998_3263_3301,0
2013_3208_3285,1
2018_3323_3401,1
2018_3163_3181,1
2000_3330_3374,1
2000_3323_3403,0
2013_3151_3304,0
2003_3214_3400,0
2011_3173_3336,0
2006_3181_3425,1
2003_3203_3328,1
2017_3166_3405,1
2005_3203_3279,1
2014_3336_3390,0
2005_3353_3396,1
2008_3199_3326,1
2022_3235_3426,1
2007_3181_3396,1
2011_3177_3336,1
2024_3234_3376,0
2019_3234_3273,1
2014_3163_3341,1
2001_3283_3345,0
1999_3208_3374,1
2019_3179_3281,0
2002_3130_3280,0
2015_3343_3453,1
2018_3138_3199,1
2017_3199_3333,1
2001_3235_3435,0
2000_3276_3390,0
2010_3163_3390,1
2004_3163_3278,1
2007_3177_3210,0
2008_3390_3431,1
2006_3171_3353,0
2023_3268_3323,1
2010_3181_3214,1
2005_3307_3345,0
2010_3216_3261,0
2001_3345_3462,1
2002_3140_3235,1
2009_3345_3353,1
2018_3257_3333,1
1998_3234_3242,0
2008_3164_3268,0
2006_3353_3397,0
2018_3163_3376,1
2022_3140_3437,0
2003_3345_3439,1
2005_3257_3425,0
2001_3256_3281,1
2004_3222_3364,0
2009_3355_3395,1
2013_3124_3257,0
2006_3151_3246,0
2018_3163_3323,0
2021_3199_3333,0
2003_3163_3397,1
2011_3285_3417,0
2001_3276_3323,0
2012_3246_3270,1
2004_3380_3400,0
2019_3125_3376,0
2021_3329_3448,1
2015_3328_3346,1
2012_3328_3385,0
2018_3138_3376,0
2014_3257_3268,0
1999_3181_3397,1
2009_3123_3235,0
2018_3257_3390,1
2019_3124_3234,1
2013_3163_3435,1
1999_3130_3326,1
2012_3214_3390,0
2006_3324_3326,0
2016_3177_3241,1
2000_3349_3364,1
2023_3261_3274,1
2009_3328_3338,1
2024_3243_3339,1
2002_3163_3384,1
2005_3292_3403,0
2001_3345_3364,1
2018_3400_3417,0
2009_3314_3345,0
2000_3332_3412,0
2008_3124_3201,1
2023_3261_3439,1
2022_3257_3276,1
2024_3397_3453,1
2009_3211_3338,0
2015_3181_3280,1
2002_3181_3328,0
2004_3163_3336,1
2010_3114_3328,0
1998_3234_3269,1
2024_3104_3400,0
2006_3130_3323,1
2021_3133_3400,0
2022_3400_3428,1
2002_3235_3396,1
2018_3323_3332,1
2002_3323_3397,0
2022_3163_3416,1
2007_3314_3341,1
2008_3229_3328,0
2011_3199_3359,1
2021_3112_3231,1
2010_3280_3292,1
2015_3143_3455,1
2019_3397_3417,0
2021_3299_3301,0
2012_3207_3210,0
2012_3261_3361,1
2011_3256_3353,0
2022_3224_3376,0
2014_3277_3314,0
2024_3323_3333,0
2002_3217_3314,0
2004_3163_3335,1
2003_3150_3208,0
2011_3266_3397,0
2000_3301_3374,0
1998_3228_3364,1
2001_3163_3323,0
2010_3343_3385,0
2021_3283_3413,1
2023_3112_3452,1
2003_3112_3323,0
2011_3113_3396,0
2002_3179_3376,0
2004_3120_3301,1
2003_3151_3376,0
1999_3280_3301,0
2015_3376_3393,1
2002_3261_3365,1
2005_3112_3328,1
2022_3268_3390,0
2005_3208_3400,1
2006_3208_3265,1
1998_3257_3428,1
2009_3257_3328,1
2004_3234_3439,0
2012_3116_3401,0
2021_3390_3430,1
2012_3163_3246,1
2008_3261_3397,0
2005_3278_3384,1
2002_3116_3243,0
2004_3263_3403,0
2010_3436_3458,1
2004_3265_3328,0
2000_3397_3438,1
2009_3235_3277,1
2024_3151_3301,0
2014_3261_3452,1
2001_3283_3449,1
2001_3181_3283,0
2013_3173_3385,1
2009_3235_3390,0
2022_3112_3424,1
2012_3181_3385,1
2003_3221_3336,0
1998_3198_3314,0
2002_3278_3424,1
2000_3208_3285,1
2006_3113_3428,0
2024_3180_3400,0
2021_3355_3393,0
2015_3113_3325,1
2023_3163_3326,0
2014_3268_3397,1
2001_3196_3449,0
2016_3199_3401,1
2015_3163_3268,1
1999_3246_3304,1
2007_3174_3277,0
2021_3283_3390,0
2016_3119_3393,0
2019_3246_3301,0
2003_3217_3243,0
2023_3261_3276,1
1998_3353_3397,0
1998_3161_3179,1
2003_3261_3400,0
2018_3179_3401,0
2018_3208_3273,1
1998_3181_3292,1
2009_3435_3441,1
2015_3129_3397,0
2007_3163_3420,1
2010_3208_3390,0
2015_3177_3323,0
1998_3304_3307,1
2022_3238_3261,0
2013_3173_3246,0
2007_3307_3453,0
2007_3261_3353,0
2022_3124_3218,1
2024_3124_3439,1
2019_3200_3393,0
1999_3163_3462,1
2007_3261_3452,1
2019_3257_3276,1
2009_3143_3201,1
2017_3173_3397,0
2007_3143_3323,0
2019_3355_3393,1
2003_3390_3444,1
2021_3208_3332,0
2009_3428_3437,1
2010_3177_3435,0
2015_3323_3390,1
2024_3342_3376,0
2018_3251_3397,0
2014_3199_3390,0
2019_3257_3352,1
2008_3352_3353,0
2009_3124_3257,0
2017_3151_3257,0
2013_3181_3214,1
2010_3124_3397,1
2014_3241_3401,0
2019_3163_3406,1
1999_3256_3417,1
2013_3246_3298,1
2013_3208_3390,1
2019_3101_3124,0
2024_3104_3199,1
2004_3261_3268,1
2000_3280_3412,0
2021_3112_3392,1
2006_3203_3330,1
1998_3224_3314,0
2010_3199_3385,1
2009_3326_3390,0
2007_3241_3338,0
2016_3329_3382,0
2003_3261_3453,1
2013_3390_3409,1
2023_3179_3257,0
2008_3208_3234,1
2011_3163_3216,1
2022_3163_3231,1
2010_3114_3210,1
2024_3355_3428,0
2018_3355_3437,0
2001_3397_3462,0
2007_3208_3235,1
2024_3193_3231,0
2018_3376_3438,1
2006_3301_3409,0
1999_3331_3345,0
2024_3234_3261,1
2010_3246_3304,1
2002_3153_3376,0
1999_3242_3345,0
2015_3163_3353,1
2010_3156_3323,0
2006_3124_3319,1
2012_3116_3173,1
2010_3234_3353,1
2023_3160_3181,1
2024_3304_3333,0
2003_3181_3397,0
2000_3208_3314,1
1999_3372_3403,0
2013_3163_3257,1
2015_3246_3398,1
1999_3330_3399,1
2022_3229_3234,0
2015_3173_3235,1
1999_3120_3439,0
1999_3242_3266,1
2005_3397_3441,1
2007_3279_3395,1
2021_3116_3460,0
2009_3257_3261,1
2002_3328_3403,1
2008_3199_3329,0
2012_3208_3265,0
2001_3176_3439,0
2022_3163_3273,1
2024_3163_3425,1
2008_3323_3374,1
2005_3235_3428,0
2013_3276_3390,0
2021_3268_3291,1
2004_3177_3397,0
2019_3113_3274,1
2016_3239_3376,0
2011_3211_3390,0
2022_3174_3268,0
2017_3280_3376,0
2015_3304_3393,0
2003_3256_3261,0
2016_3140_3281,0
2008_3364_3438,0
2024_3257_3292,0
2011_3243_3345,0
2003_3256_3337,1
2006_3177_3409,1
2000_3251_3261,0
2016_3218_3417,0
2013_3323_3404,1
2001_3328_3449,0
2000_3353_3412,1
2000_3112_3397,0
2022_3314_3372,1
2003_3181_3208,1
2017_3177_3320,1
2008_3203_3353,0
2003_3449_3453,0
2012_3174_3242,0
2015_3314_3326,1
2001_3335_3403,0
2024_3124_3435,1
2016_3125_3277,0
2016_3376_3393,0
2012_3257_3277,1
2011_3211_3417,1
2005_3277_3390,1
2022_3150_3231,0
2006_3124_3307,1
2002_3116_3155,1
2013_3265_3277,0
2007_3266_3418,1
2014_3201_3304,0
2011_3270_3401,0
2022_3326_3400,0
2022_3257_3376,0
2021_3235_3401,0
2019_3401_3460,1
2019_3141_3277,0
1999_3246_3417,0
2018_3299_3376,0
2010_3199_3280,1
2021_3226_3246,0
2016_3333_3407,1
2017_3323_3352,1
2024_3242_3425,0
2010_3124_3207,1
2003_3116_3400,0
1999_3235_3365,1
2019_3266_3349,1
2009_3181_3277,0
2009_3171_3268,0
2018_3268_3343,1
2018_3323_3437,1
1999_3314_3318,1
2010_3163_3396,1
2003_3264_3280,0
2012_3390_3452,1
2005_3113_3323,1
2021_3124_3238,1
2000_3397_3403,1
2015_3353_3371,1
2017_3163_3280,0
2014_3329_3345,1
2002_3280_3403,0
2017_3328_3449,0
1998_3196_3285,1
2009_3261_3453,1
2023_3266_3378,0
2005_3268_3326,0
2021_3180_3208,0
2022_3274_3376,0
2022_3116_3428,0
2008_3208_3314,0
2002_3198_3336,0
2012_3114_3174,0
2022_3276_3437,1
2010_3241_3396,0
2011_3390_3413,1
2018_3278_3332,0
2005_3163_3199,1
2022_3211_3304,1
1998_3323_3403,1
2015_3169_3390,0
2003_3177_3428,0
2007_3129_3203,0
2003_3323_3345,0
2017_3268_3452,1
2013_3143_3261,1
2009_3123_3397,1
2015_3323_3376,1
2016_3163_3400,1
2021_3376_3390,0
2021_3163_3219,1
2018_3173_3266,0
2024_3261_3417,1
2003_3278_3400,0
2023_3261_3428,1
2022_3255_3301,0
1998_3439_3458,1
2006_3261_3449,1
2023_3257_3400,1
2015_3116_3124,0
2023_3211_3279,0
2005_3397_3403,1
2009_3268_3428,1
2017_3323_3345,1
2005_3124_3229,1
2019_3155_3377,1
2006_3292_3428,0
2012_3261_3336,0
2012_3143_3323,0
2013_3163_3323,1
2000_3323_3360,1
2018_3276_3294,1
2019_3138_3163,0
2010_3173_3395,1
2018_3278_3453,1
2002_3243_3330,0
2021_3329_3390,0
2011_3163_3181,1
2017_3124_3257,1
2021_3163_3393,1
2013_3163_3268,1
2016_3397_3453,1
2002_3251_3376,0
1998_3116_3181,1
2002_3314_3435,0
2014_3314_3376,1
2023_3104_3124,0
2004_3283_3323,0
2013_3328_3417,1
2016_3400_3417,1
2022_3390_3400,1
2007_3265_3292,1
2008_3345_3428,1
2013_3257_3345,1
2005_3145_3181,0
2015_3107_3181,0
2003_3181_3403,1
2015_3285_3323,0
2000_3228_3235,0
2017_3235_3393,0
2011_3181_3265,1
2001_3226_3435,0
2009_3314_3416,1
2021_3234_3246,1
2011_3124_3401,0
1999_3191_3261,0
2008_3304_3462,1
2007_3401_3426,1
2018_3268_3301,0
2001_3163_3254,1
2004_3345_3384,1
2008_3401_3427,1
2010_3211_3462,0
2013_3276_3437,1
2001_3122_3397,0
2015_3124_3234,1
2005_3332_3395,1
2024_3301_3400,1
2002_3256_3364,0
1998_3235_3245,1
2012_3242_3304,1
2008_3435_3452,1
2017_3120_3301,0
2017_3137_3268,0
2007_3163_3261,0
1999_3112_3353,0
2012_3211_3353,1
2022_3237_3328,0
2001_3181_3454,1
2022_3261_3326,0
2012_3124_3323,1
2018_3141_3261,1
2012_3201_3207,0
2010_3208_3329,1
1998_3104_3417,1
2013_3124_3341,1
2021_3268_3400,0
1998_3116_3217,1
1999_3386_3408,1
1998_3116_3218,1
2012_3124_3397,1
2016_3113_3308,1
2009_3163_3257,1
2001_3323_3435,1
2023_3284_3399,0
2005_3403_3426,1
2005_3177_3439,1
2005_3216_3353,0
2022_3243_3450,1
2006_3181_3261,1
2015_3110_3234,0
2023_3231_3399,1
2021_3257_3265,1
1998_3256_3345,1
2000_3202_3397,0
2008_3238_3261,0
2019_3163_3323,0
2006_3140_3328,0
2007_3175_3435,0
2006_3395_3401,1
2019_3124_3332,1
2021_3124_3163,0
2019_3280_3332,0
1999_3263_3390,1
2016_3326_3452,1
2010_3124_3163,0
2023_3151_3439,0
2018_3125_3181,0
2022_3276_3377,1
2010_3124_3201,1
2021_3112_3401,1
2018_3274_3346,0
2003_3130_3435,1
2001_3323_3428,1
2003_3397_3438,1
2015_3268_3308,1
2017_3257_3397,1
1998_3301_3464,1
1998_3155_3274,1
2011_3326_3397,0
2022_3224_3230,1
2016_3299_3323,0
2002_3160_3380,1
2016_3390_3449,0
2004_3326_3452,1
2024_3301_3397,1
2021_3104_3268,0
2024_3304_3401,1
2013_3166_3393,1
2011_3268_3384,1
2016_3124_3199,1
2012_3243_3343,1
2013_3177_3329,0
2023_3205_3428,0
2003_3251_3435,0
2018_3280_3311,1
2009_3124_3355,1
2015_3114_3401,1
2016_3343_3452,0
2000_3163_3214,1
1998_3364_3435,1
2017_3129_3417,0
2003_3181_3428,1
2001_3160_3435,0
1998_3374_3438,0
2016_3138_3326,0
1999_3198_3462,0
2013_3199_3343,1
2012_3292_3435,0
1998_3198_3266,1
2018_3166_3234,1
2005_3164_3314,0
2015_3181_3268,0
2003_3106_3397,0
2003_3283_3403,0
2005_3221_3326,0
2022_3242_3390,0
2009_3277_3292,1
2010_3190_3462,0
2010_3211_3314,1
2011_3274_3328,0
2012_3163_3341,1
2001_3353_3372,1
2014_3333_3376,0
2008_3143_3360,1
2019_3113_3280,0
2019_3124_3323,1
2017_3146_3400,0
2004_3208_3345,1
2010_3211_3401,1
2013_3261_3453,1
2009_3265_3438,0
2005_3130_3181,0
2023_3357_3380,1
1998_3196_3439,1
2002_3216_3328,0
2002_3181_3313,1
2000_3171_3345,0
2005_3353_3397,0
2011_3124_3452,1
2014_3314_3390,0
2012_3143_3234,1
2005_3323_3364,1
1999_3228_3257,1
2000_3120_3336,0
1999_3301_3403,0
2002_3390_3408,1
2015_3140_3257,0
2000_3203_3323,0
2017_3199_3442,1
2010_3361_3452,1
2008_3163_3390,0
1999_3397_3439,1
2016_3163_3393,1
2018_3166_3417,0
2015_3314_3376,0
2006_3283_3345,0
2013_3107_3314,0
2018_3129_3257,0
2007_3277_3353,0
2001_3116_3181,0
2012_3345_3376,0
2008_3268_3390,0
2022_3279_3377,0
2008_3163_3330,1
2008_3181_3401,0
2005_3113_3314,0
2018_3195_3281,1
2000_3386_3400,1
2012_3163_3243,1
2006_3369_3390,0
2003_3140_3160,0
2006_3278_3449,0
1999_3261_3323,1
2018_3203_3326,0
2004_3177_3203,1
2003_3278_3390,1
2023_3166_3280,0
2017_3124_3411,1
2005_3345_3397,0
2007_3301_3352,1
2023_3355_3425,1
2015_3268_3397,1
2007_3124_3151,1
2008_3216_3401,0
2009_3163_3196,1
2007_3199_3261,0
2000_3108_3256,0
2015_3338_3397,0
2003_3160_3437,0
2003_3261_3402,1
2008_3338_3390,0
2022_3107_3257,0
2000_3140_3328,0
1999_3111_3397,0
2015_3116_3321,1
2000_3256_3336,0
2017_3177_3280,0
2019_3114_3211,0
2004_3277_3400,0
1999_3181_3208,1
2006_3378_3425,0
2014_3336_3455,1
1999_3155_3228,1
2010_3390_3415,1
2019_3163_3257,1
2004_3336_3439,1
2023_3218_3261,0
2014_3163_3323,1
2008_3190_3329,0
2009_3113_3199,1
2016_3378_3417,0
2022_3138_3397,0
2001_3163_3301,1
2012_3124_3390,1
2024_3342_3357,1
2023_3170_3417,0
2003_3163_3400,1
2008_3397_3401,1
2023_3301_3343,0
2021_3283_3460,1
2004_3268_3274,1
2022_3124_3377,0
2022_3323_3328,1
2016_3106_3400,0
2003_3130_3163,0
2000_3263_3314,0
2016_3124_3333,0
2007_3338_3397,0
2016_3163_3333,1
2021_3401_3407,1
2005_3256_3396,0
2013_3261_3336,1
2000_3235_3384,1
1999_3181_3345,0
2014_3103_3345,0
2006_3261_3390,1
2009_3278_3323,1
2012_3336_3431,1
2024_3333_3376,0
2014_3315_3401,0
2021_3257_3321,1
2021_3301_3378,1
2023_3279_3390,1
2005_3124_3314,1
2023_3187_3400,0
2016_3268_3449,0
2012_3124_3196,1
2016_3120_3124,0
1999_3130_3397,0
2022_3314_3376,0
2021_3276_3397,1
2018_3124_3212,1
2009_3328_3345,1
2024_3235_3268,1
2008_3261_3314,1
2008_3261_3265,1
2006_3199_3390,0
2000_3208_3390,1
2012_3124_3364,1
2008_3120_3203,0
2024_3163_3234,0
2007_3314_3345,1
2000_3408_3436,1
2014_3163_3386,1
2012_3166_3385,0
2007_3210_3345,0
2008_3163_3400,1
1999_3181_3221,1
2023_3228_3280,0
2007_3113_3415,1
2022_3163_3301,1
2011_3355_3462,0
2019_3195_3274,0
2003_3256_3326,1
2021_3141_3234,0
2024_3211_3414,1
2024_3195_3328,0
2017_3335_3401,0
2006_3345_3417,1
1999_3256_3416,1
2007_3268_3279,0
2007_3199_3330,1
2021_3273_3376,0
2014_3124_3143,1
1999_3153_3332,0
2006_3268_3385,1
2023_3268_3376,0
2013_3143_3201,1
2012_3376_3390,0
2017_3286_3449,0
2017_3143_3261,1
2024_3186_3333,0
1999_3208_3235,1
2017_3124_3280,0
2009_3150_3345,0
2010_3304_3417,1
1998_3112_3438,1
2021_3332_3377,1
2024_3343_3452,0
2009_3268_3435,1
2016_3124_3225,1
2012_3268_3401,1
2015_3163_3323,1
2002_3140_3397,0
2021_3250_3452,0
2005_3208_3349,1
2014_3113_3323,0
2012_3181_3359,1
2022_3173_3208,0
2024_3221_3404,1
2014_3268_3323,0
2015_3234_3274,1
2009_3196_3396,1
2010_3361_3400,1
2023_3112_3268,0
1999_3256_3345,0
2002_3113_3458,1
2014_3140_3163,0
2004_3208_3251,1
2008_3143_3203,0
2014_3143_3200,1
2004_3256_3403,1
2024_3163_3393,1
2014_3234_3265,1
2006_3268_3428,1
2001_3283_3405,1
2021_3257_3332,1
2012_3181_3435,1
2004_3390_3397,0
2007_3179_3397,0
2011_3214_3246,0
2001_3196_3221,1
1999_3208_3251,1
2010_3181_3261,1
2012_3124_3210,1
2017_3125_3246,0
2011_3314_3390,0
2000_3130_3438,0
2001_3323_3345,1
2023_3280_3323,0
2011_3385_3403,1
2013_3143_3257,0
2008_3278_3400,0
2000_3221_3353,0
2018_3280_3417,1
2015_3211_3333,1
2001_3179_3437,0
2005_3251_3261,0
2000_3336_3464,1
2001_3328_3331,1
2001_3234_3428,0
2005_3326_3353,0
2015_3177_3278,1
2014_3314_3404,1
2016_3328_3345,1
2011_3257_3462,1
1998_3228_3314,0
2011_3326_3416,1
2006_3163_3208,1
2010_3326_3384,1
2015_3366_3376,0
2006_3194_3261,0
2009_3285_3338,0
2002_3163_3328,1
2008_3243_3257,0
2013_3141_3328,0
2017_3332_3396,1
2000_3228_3428,1
1998_3112_3163,0
2000_3403_3408,1
2009_3326_3357,1
2002_3181_3400,1
2022_3195_3268,0
2000_3235_3336,0
2007_3279_3397,0
2014_3195_3329,0
2005_3277_3425,1
2004_3151_3353,1
2022_3196_3416,0
2004_3124_3258,1
2023_3181_3233,1
2000_3242_3435,0
2003_3364_3462,1
2010_3235_3453,1
2000_3337_3438,0
2008_3261_3329,1
2018_3141_3332,0
1999_3374_3405,1
2004_3196_3307,1
2017_3280_3449,1
2008_3251_3330,0
2021_3112_3390,0
1998_3112_3365,1
2022_3166_3376,0
2014_3124_3443,1
2001_3163_3256,1
2004_3181_3256,1
2018_3143_3438,0
2015_3151_3338,0
2009_3163_3436,1
2002_3390_3451,1
2013_3328_3397,0
2004_3124_3397,0
2000_3130_3304,1
2017_3301_3400,0
2023_3221_3268,0
2021_3376_3400,1
2023_3343_3428,0
2012_3196_3326,1
1998_3256_3301,1
2024_3160_3179,1
2000_3266_3443,0
2023_3355_3439,0
2014_3199_3235,1
1998_3212_3403,0
2014_3246_3460,1
2012_3268_3298,1
2008_3181_3293,1
2004_3181_3278,0
2011_3211_3257,1
2018_3141_3326,1
2001_3174_3301,0
2015_3173_3257,1
2001_3224_3235,0
2007_3203_3401,1
2016_3182_3371,1
2004_3163_3364,1
2016_3163_3280,1
2023_3235_3405,0
2024_3266_3279,0
2012_3163_3336,1
2017_3195_3274,0
2018_3211_3390,0
2008_3268_3435,1
2006_3130_3428,0
2001_3193_3428,0
2021_3210_3452,1
2000_3330_3453,1
2005_3243_3435,0
2022_3125_3397,0
2010_3132_3277,0
2023_3195_3437,0
2019_3268_3347,1
2018_3263_3400,0
2016_3161_3378,0
2023_3326_3439,0
2005_3124_3261,1
2011_3208_3401,0
2021_3378_3450,1
2023_3234_3257,1
2023_3397_3439,0
1998_3221_3256,0
2009_3251_3257,0
2006_3132_3417,0
2000_3155_3163,0
2013_3211_3235,0
2004_3151_3435,0
2017_3181_3214,1
2017_3166_3333,0
